location_uuid,location_name,loc_type,pcode,location_groups,data_date,week,year,submitted_date,submitter_name,submitter_email,unique_id,Uncategorized,Region,Payam,Hub,Site,Country,County,IDP Camp,Point of Entry,State,1. Consultations,"Consultations 
Total number of consultations 
Under 5 cases","Consultations 
Total number of consultations 
Under 5 deaths","Consultations 
Total number of consultations 
5 and over cases","Consultations 
Total number of consultations 
5 and over deaths",2. Morbidity,Cholera (suspected) Under 5,Cholera (suspected) Under 5 deaths,Cholera (suspected) 5 and over cases,Cholera (suspected)  5 and over deaths,Acute Watery Diarrhea (AWD) Under 5 cases,Acute Watery Diarrhea (AWD) Under 5 deaths,Acute Watery Diarrhea (AWD) 5 and over cases,Acute Watery Diarrhea (AWD) 5 and over deaths,Acute Bloody Diarrhea (ABD) Under 5 cases,Acute Bloody Diarrhea (ABD) Under 5 deaths,Acute Bloody Diarrhea (ABD) 5 and over cases,Acute Bloody Diarrhea (ABD) 5 and over deaths,Measles Under 5,Measles Under 5 deaths,Measles 5 and over cases,Measles 5 and over deaths,Meningitis Under 5 cases,Meningitis Under 5 deaths,Meningitis 5 and over cases,Meningitis 5 and over deaths,Viral Hemorrhagic Fever (VHF) Under 5 cases,Viral Hemorrhagic Fever (VHF) Under 5 deaths,Viral Hemorrhagic Fever (VHF) 5 and over cases,Viral Hemorrhagic Fever (VHF) 5 and over deaths,Yellow Fever  Under 5 cases,Yellow Fever  Under 5 deaths,Yellow Fever  5 and over cases,Yellow Fever 5 and over deaths,Relapsing Fever Under 5 cases,Relapsing Fever Under 5 deaths,Relapsing Fever 5 and over cases,Relapsing Fever 5 and over deaths,Acute Jaundice Syndrome (AJS) Under 5,Acute Jaundice Syndrome (AJS) Under 5 deaths,Acute Jaundice Syndrome (AJS) 5 and over cases,Acute Jaundice Syndrome (AJS) 5 and over deaths,Acute Respiratory Infection (ARI) Under 5 cases,Acute Respiratory Infection (ARI) Under 5 deaths,Acute Respiratory Infection (ARI) 5 and over cases,Acute Respiratory Infection (ARI) 5 and over deaths,Malaria Under 5,Malaria Under 5 deaths,Malaria 5 and over,Malaria 5 and over deaths,Neonatal Tetanus (NT) Under 5 cases,Neonatal Tetanus (NT) Under 5 deaths,Neonatal Tetanus (NT) 5 and over cases,Neonatal Tetanus (NT) 5 and over deaths,Guinea-Worm Disease (suspected) Under 5 cases,Guinea-Worm Disease (suspected) Under 5 deaths,Guinea-Worm Disease (suspected) 5 and over cases,Guinea-Worm Disease (suspected) 5 and over deaths,Skin Disease Under 5 ,Skin Disease Under 5 deaths,Skin Disease 5 and Over,Skin Disease 5 and Over deaths,Gunshot/Shell Injury Under 5 ,Gunshot/Shell Injury Under 5 deaths,Gunshot/Shell Injury 5 and Over,Gunshot/Shell Injury 5 and Over deaths,Other Injury Under 5 ,Other Injury Under 5 deaths,Other Injury 5 and Over,Other Injury 5 and Over deaths,Other Under 5 ,Other Under 5 deaths,Other 5 and Over,Other 5 and Over deaths,COVID - 19 (suspected) Under 5,COVID - 19 (suspected) Under 5 deaths,COVID - 19 (suspected) 5 and over cases,COVID - 19 (suspected) 5 and over deaths,"Acute Flaccid Paralysis (AFP) 
Acute Flaccid Paralysis (AFP) 
Under 15 cases","Acute Flaccid Paralysis (AFP) 
Acute Flaccid Paralysis (AFP) 
Under 15 deaths","Acute Flaccid Paralysis (AFP) 
Acute Flaccid Paralysis (AFP) 
15 and over cases","Acute Flaccid Paralysis (AFP) 
Acute Flaccid Paralysis (AFP) 
15 and over deaths",3. Additional information,Have you observed an unusual number of cases and deaths this week? ,Which disease/syndrome? (ALSO PLEASE MAKE SURE YOU HAVE FILLED OUT AN EVENT-BASED REPORTING FORM),Have you observed an unusual disease/syndrome in the area this week?,Which disease/syndrome? (ALSO PLEASE MAKE SURE YOU HAVE FILLED OUT AN EVENT-BASED REPORTING FORM),Is there any rumor of suspected outbreak (cases or deaths) in the community?,Details of rumour (ALSO PLEASE MAKE SURE YOU HAVE FILLED OUT AN EVENT-BASED REPORTING FORM),"Describe the actions taken to verify, investigate and contain/control the situation"
ec1e3c8a-7233-47f3-b936-e3b54a514822,Omdurman PHCU,Site,SS00084S,,2022-01-06,45,2022,2022-11-10,,,,,,Baach,,Omdurman PHCU,South Sudan,Aweil East,,,NBGZ,,53,,71,,,0,0,0,0,3,0,1,0,0,0,0,0,0,0,0,0,0,0,0,0,0,0,0,0,0,0,0,0,0,0,0,0,0,0,0,0,30,0,16,0,39,0,56,0,0,0,,,0,0,0,0,,,,,,,,,,,,,,,,,0,0,0,0,0,0,0,0,,NO,,NO,,NO,,
2d65fd5e-7f9c-4ba9-8a1e-98aff5f69538,Jamara PHCC,Site,MlWcdwDncIF,,2022-02-06,45,2022,2022-11-07,,,,,,Kupera,,Jamara PHCC,South Sudan,Lainya,,,CES Timbédra (Moughataa),,49,0,61,0,,0,0,0,0,3,0,2,0,0,0,0,0,0,0,0,0,0,0,0,0,0,0,0,0,0,0,0,0,0,0,0,0,0,0,0,0,0,0,0,0,33,0,43,0,0,0,,,0,0,0,0,2,0,2,0,0,0,0,0,1,0,2,0,10,0,12,0,0,0,0,0,0,0,0,0,,NO,,NO,,NO,,
5075cea7-c59a-47cc-a1e3-33368ef9e994,Aganytok PHCU,Site,Aganytok _Abyei,,2022-03-06,45,2022,2022-11-07,,,,,,Alal,,Aganytok PHCU,South Sudan,Abyei,,,Warrap,,13,0,23,0,,0,0,0,0,4,0,0,0,0,0,0,0,0,0,0,0,0,0,0,0,0,0,0,0,0,0,0,0,0,0,0,0,0,0,0,0,8,0,8,0,7,0,5,0,0,0,,,0,0,0,0,2,0,0,0,0,0,0,0,0,0,0,0,0,0,0,0,0,0,0,0,0,0,0,0,,NO,,NO,,NO,,
5aa53d03-bf22-46ce-8c49-087db49d7305,Mijak PHCU,Site,B4Q3LShqry6,,2022-04-06,45,2022,2022-11-07,,,,,,Mijak,,Mijak PHCU,South Sudan,Abyei,,,Warrap,,16,0,59,0,,0,0,0,0,4,0,4,0,0,0,0,0,0,0,0,0,0,0,0,0,0,0,0,0,0,0,0,0,0,0,0,0,0,0,0,0,9,0,20,0,2,0,21,0,0,0,,,0,0,0,0,2,0,7,0,0,0,0,0,1,0,6,0,0,0,0,0,0,0,0,0,0,0,0,0,,NO,,NO,,NO,,
05abd433-641f-45c9-a669-47c9abef4d2b,Roc Roc Dong PHCU,Site,RocRocDong_RR,,2022-05-06,45,2022,2022-11-07,,,,,,Roc Roc Dong,,Roc Roc Dong PHCU,South Sudan,Jur River,,,WBGZ,,113,0,138,0,,0,0,0,0,14,0,17,0,0,0,2,0,0,0,0,0,0,0,0,0,0,0,0,0,0,0,0,0,0,0,0,0,0,0,0,0,0,0,0,0,43,0,87,0,0,0,,,0,0,0,0,0,0,0,0,0,0,0,0,0,0,0,0,0,0,0,0,0,0,0,0,0,0,0,0,,NO,,NO,,NO,,
d249cbef-20e9-4f46-a92b-05c4f5a8b7bd,Mary help hospital,Site,EgMUfMDm7Yg,,2022-11-06,45,2022,2022-11-07,,,,,,Marial Baai,,Mary help hospital,South Sudan,Jur River,,,WBGZ,,90,0,117,0,,0,0,0,0,15,0,19,0,0,0,0,0,0,0,0,0,0,0,0,0,0,0,0,0,0,0,0,0,0,0,0,0,0,0,0,0,0,0,0,0,32,0,76,0,0,0,,,0,0,0,0,0,0,0,0,0,0,0,0,0,0,0,0,0,0,0,0,0,0,0,0,0,0,0,0,,NO,,NO,,NO,,
229b6962-20a2-4d15-9bbb-7c0365512591,Eastern Bank PHCC,Site,EasternBank_RR,,2022-11-06,45,2022,2022-11-07,,,,,,Roc Roc Dong,,Eastern Bank PHCC,South Sudan,Jur River,,,WBGZ,,78,0,109,0,,0,0,0,0,10,0,19,0,1,0,3,0,0,0,0,0,0,0,0,0,0,0,0,0,0,0,0,0,0,0,0,0,0,0,0,0,0,0,0,0,56,0,69,0,0,0,,,0,0,0,0,0,0,0,0,0,0,0,0,0,0,0,0,0,0,0,0,0,0,0,0,0,0,0,0,,NO,,NO,,NO,,
02b3c7ee-8051-4069-bbd9-39dd50adc80f,Umora PHCU,Site,zQ6hdBzgrMr,,2022-11-06,45,2022,2022-11-07,,,,,,Achana,,Umora PHCU,South Sudan,Aweil Centre,,,NBGZ,,43,0,56,0,,0,0,0,0,3,0,2,0,1,0,0,0,0,0,0,0,0,0,0,0,0,0,0,0,0,0,0,0,0,0,0,0,0,0,0,0,6,0,8,0,13,0,24,0,0,0,,,0,0,0,0,0,0,0,0,0,0,0,0,0,0,0,0,0,0,0,0,0,0,0,0,0,0,0,0,,NO,,NO,,NO,,
059a996a-2fc7-4c77-a646-bc689aba4a12,Bau PHCU,Site,eYU4fdE7qcW,,2022-10-06,45,2022,2022-11-07,,,,,,Bhar Mayen,,Bau PHCU,South Sudan,Aweil Centre,,,NBGZ,,51,0,63,0,,0,0,0,0,3,0,4,0,1,0,0,0,0,0,0,0,0,0,0,0,0,0,0,0,0,0,0,0,0,0,0,0,0,0,0,0,5,0,4,0,22,0,31,0,0,0,,,0,0,0,0,0,0,0,0,0,0,0,0,0,0,0,0,0,0,0,0,0,0,0,0,0,0,0,0,,NO,,NO,,NO,,
8b7c2963-d89b-4875-9035-c28ca53d5af1,Akuangkar PHCU,Site,d8JDBa1Ocw4,,2022-11-06,45,2022,2022-11-07,,,,,,Chel South,,Akuangkar PHCU,South Sudan,Aweil Centre,,,NBGZ,,43,0,59,0,,0,0,0,0,6,0,4,0,2,0,0,0,0,0,0,0,0,0,0,0,0,0,0,0,0,0,0,0,0,0,0,0,0,0,0,0,2,0,8,0,16,0,31,0,0,0,,,0,0,0,0,0,0,0,0,0,0,0,0,0,0,0,0,0,0,0,0,0,0,0,0,0,0,0,0,,NO,,NO,,NO,,
12cd6722-69e1-44fb-bc2f-6870b79ba408,Lulic PHCU,Site,FEucBN3d0ZD,,2022-11-06,45,2022,2022-11-07,,,,,,Chel South,,Lulic PHCU,South Sudan,Aweil Centre,,,NBGZ,,55,0,58,0,,0,0,0,0,7,0,4,0,1,0,2,0,0,0,0,0,0,0,0,0,0,0,0,0,0,0,0,0,0,0,0,0,0,0,0,0,8,0,9,0,12,0,19,0,0,0,,,0,0,0,0,0,0,0,0,0,0,0,0,0,0,0,0,0,0,0,0,0,0,0,0,0,0,0,0,,NO,,NO,,NO,,
a09db50a-8e80-4ac7-bb63-4de204402070,Mabok Akot PHCU,Site,siUTqJda7jP,,2022-11-06,45,2022,2022-11-07,,,,,,Chel South,,Mabok Akot PHCU,South Sudan,Aweil Centre,,,NBGZ,,81,0,84,0,,0,0,0,0,5,0,4,0,0,0,1,0,0,0,0,0,0,0,0,0,0,0,0,0,0,0,0,0,0,0,0,0,0,0,0,0,11,0,16,0,28,0,38,0,0,0,,,0,0,0,0,0,0,0,0,0,0,0,0,0,0,0,0,0,0,0,0,0,0,0,0,0,0,0,0,,NO,,NO,,NO,,
25d846a9-9687-4eff-b856-efd54ec68183,Nyien Alel PHCU,Site,De7buWDBC3R,,2022-11-06,45,2022,2022-11-07,,,,,,Chel South,,Nyien Alel PHCU,South Sudan,Aweil Centre,,,NBGZ,,25,0,31,0,,0,0,0,0,1,0,2,0,0,0,0,0,0,0,0,0,0,0,0,0,0,0,0,0,0,0,0,0,0,0,0,0,0,0,0,0,2,0,2,0,13,0,19,0,0,0,,,0,0,0,0,0,0,0,0,0,0,0,0,0,0,0,0,0,0,0,0,0,0,0,0,0,0,0,0,,NO,,NO,,NO,,
1c3e368d-1531-40f2-b8d4-6a4e89567d20,Awulic PHCU,Site,Z1JdzJo0YEb,,2022-11-06,45,2022,2022-11-07,,,,,,Nyalath,,Awulic PHCU,South Sudan,Aweil Centre,,,NBGZ,,58,0,89,0,,0,0,0,0,5,0,6,0,2,0,3,0,0,0,0,0,0,0,0,0,0,0,0,0,0,0,0,0,0,0,0,0,0,0,0,0,3,0,5,0,16,0,27,0,0,0,,,0,0,0,0,0,0,0,0,0,0,0,0,0,0,0,0,0,0,0,0,0,0,0,0,0,0,0,0,,NO,,NO,,NO,,
00d6dcf0-0680-4d8b-b010-c8df2fdacc72,Bhar Mayen PHCC,Site,SS00059S,,2022-10-06,45,2022,2022-11-07,,,,,,Bhar Mayen,,Bhar Mayen PHCC,South Sudan,Aweil Centre,,,NBGZ,,39,0,68,0,,0,0,0,0,3,0,0,0,0,0,0,0,0,0,0,0,0,0,0,0,0,0,0,0,0,0,0,0,0,0,0,0,0,0,0,0,0,0,0,0,24,0,19,0,0,0,,,0,0,0,0,0,0,0,0,0,0,0,0,0,0,0,0,0,0,0,0,0,0,0,0,0,0,0,0,,NO,,NO,,NO,,
428acb54-390d-4448-9918-e3539bfc6ff8,Aroyo PHCC,Site,SS00055S,,2022-11-06,45,2022,2022-11-07,,,,,,Arroyo,,Aroyo PHCC,South Sudan,Aweil Centre,,,NBGZ,,102,0,176,0,,0,0,0,0,9,0,5,0,0,0,0,0,0,0,0,0,0,0,0,0,0,0,0,0,0,0,0,0,0,0,0,0,0,0,0,0,20,0,29,0,45,0,113,0,0,0,,,0,0,0,0,0,0,0,0,0,0,0,0,0,0,0,0,0,0,0,0,0,0,0,0,0,0,0,0,,NO,,NO,,NO,,
98ed2078-5364-45f0-a3bd-bd4d6555f0f0,Gabat PHCC,Site,dhF0zQRQ05S,,2022-11-06,45,2022,2022-11-07,,,,,,Nyalath,,Gabat PHCC,South Sudan,Aweil Centre,,,NBGZ,,45,0,131,0,,0,0,0,0,4,0,0,0,2,0,2,0,0,0,0,0,0,0,0,0,0,0,0,0,0,0,0,0,0,0,0,0,0,0,0,0,22,0,13,0,17,0,105,0,0,0,,,0,0,0,0,0,0,0,0,0,0,0,0,0,0,0,0,0,0,0,0,0,0,0,0,0,0,0,0,,NO,,NO,,NO,,
c33c0747-1404-4830-b98f-205ede75b0de,Nyalath PHCU,Site,zLyhBlOUgMc,,2022-11-06,45,2022,2022-11-07,,,,,,Nyalath,,Nyalath PHCU,South Sudan,Aweil Centre,,,NBGZ,,59,0,72,0,,0,0,0,0,2,0,9,0,0,0,0,0,0,0,0,0,0,0,0,0,0,0,0,0,0,0,0,0,0,0,0,0,0,0,0,0,0,0,0,0,26,0,38,0,0,0,,,0,0,0,0,0,0,0,0,0,0,0,0,0,0,0,0,0,0,0,0,0,0,0,0,0,0,0,0,,NO,,NO,,NO,,
8af3f6be-ea9f-4bed-a0c9-bb136959e027,Nyadin PHCC,Site,AwU5hPjjbg2,,2022-12-06,45,2022,2022-11-07,,,,,,Mareang,,Nyadin PHCC,South Sudan,Fangak,,,Jonglei,,55,0,81,0,,0,0,0,0,0,0,0,0,0,0,0,0,0,0,0,0,0,0,0,0,0,0,0,0,0,0,0,0,0,0,0,0,0,0,0,0,12,0,18,0,17,0,38,0,0,0,,,0,0,0,0,4,0,2,0,0,0,0,0,3,0,5,0,6,0,9,0,0,0,0,0,0,0,0,0,,NO,,NO,,NO,,
6957993e-bbbd-46bc-8e67-7c52a9dd2e97,Pakaan  New Fangak Lele PHCC,Site,SS01492S,,2022-11-06,45,2022,2022-11-07,,,,,,New Fangak,,Pakaan  New Fangak Lele PHCC,South Sudan,Fangak,,,Jonglei,,67,0,134,0,,0,0,0,0,10,0,6,0,0,0,0,0,0,0,0,0,0,0,0,0,0,0,0,0,0,0,0,0,0,0,0,0,0,0,0,0,18,0,22,0,28,0,63,0,0,0,,,0,0,0,0,6,0,5,0,0,0,0,0,4,0,10,0,10,0,47,0,0,0,0,0,0,0,0,0,,NO,,NO,,NO,,
7994975c-9c92-48b8-acbf-d33e25e04029,Koatnyakoang PHCU,Site,SS01483S,,2022-11-06,45,2022,2022-11-07,,,,,,Barbuoi,,Koatnyakoang PHCU,South Sudan,Fangak,,,Jonglei,,32,0,48,0,,0,0,0,0,6,0,4,0,0,0,0,0,0,0,0,0,0,0,0,0,0,0,0,0,0,0,0,0,0,0,0,0,0,0,0,0,8,0,16,0,10,0,23,0,0,0,,,0,0,0,0,3,0,4,0,0,0,0,0,2,0,5,0,8,0,29,0,0,0,0,0,0,0,0,0,,NO,,NO,,NO,,
5ce15864-1dd7-447a-a68d-129dc5607c1a,Kuernyang PHCC,Site,NFdLaRvJKIn,,2022-11-06,45,2022,2022-11-07,,,,,,Barbuoi,,Kuernyang PHCC,South Sudan,Fangak,,,Jonglei,,81,0,189,0,,0,0,0,0,4,0,5,0,0,0,0,0,0,0,0,0,0,0,0,0,0,0,0,0,0,0,0,0,0,0,0,0,0,0,0,0,24,0,27,0,26,0,60,0,0,0,,,0,0,0,0,2,0,4,0,0,0,0,0,6,0,9,0,19,0,88,0,0,0,0,0,0,0,0,0,,NO,,NO,,NO,,
a69818c4-0e5d-4fff-9b0c-887847b99441,Mandeng  fangak PHCU,Site,SS01486S,,2022-12-06,45,2022,2022-11-07,,,,,,Barbuoi,,Mandeng  fangak PHCU,South Sudan,Fangak,,,Jonglei,,41,0,62,0,,0,0,0,0,6,0,7,0,0,0,0,0,0,0,0,0,0,0,0,0,0,0,0,0,0,0,0,0,0,0,0,0,0,0,0,0,7,0,10,0,7,0,11,0,0,0,,,0,0,0,0,0,0,0,0,0,0,0,0,8,0,9,0,11,0,12,0,0,0,0,0,0,0,0,0,,NO,,NO,,NO,,
202e32ff-54ea-4ae5-a5c9-bfcc7e1cfce3,Kuemduok PHCU,Site,dBSla4R7qXb,,2022-11-06,45,2022,2022-11-07,,,,,,Barbuoi,,Kuemduok PHCU,South Sudan,Fangak,,,Jonglei,,23,0,40,0,,0,0,0,0,4,0,3,0,0,0,0,0,0,0,0,0,0,0,0,0,0,0,0,0,0,0,0,0,0,0,0,0,0,0,0,0,4,0,5,0,10,0,17,0,0,0,,,0,0,0,0,2,0,5,0,0,0,0,0,0,0,4,0,2,0,8,0,0,0,0,0,0,0,0,0,,NO,,NO,,NO,,
2dd46087-0b74-48f7-83d2-4e8711c3daa4,Yusuf Batil PHCC,Site,SS00303S,,2022-11-06,45,2022,2022-11-07,,,,,,Jimkuatta,,Yusuf Batil PHCC,South Sudan,Maban,,,Upper Nile,,962,0,1021,0,,0,0,0,0,161,0,29,0,0,0,0,0,0,0,0,0,0,0,0,0,0,0,0,0,0,0,0,0,0,0,0,0,0,0,0,0,730,0,356,0,9,0,80,0,0,0,,,0,0,0,0,70,0,29,0,0,0,0,0,3,0,19,0,160,0,559,0,0,0,0,0,0,0,0,0,,NO,,NO,,NO,,
13bc3e1b-c39b-4e07-820e-8100e15b2f9b,Rodo 'ba phcu,Site,Rodo 'ba_phcu,,2022-11-06,45,2022,2022-11-07,,,,,,Kimba,,Rodo 'ba phcu,South Sudan,Morobo,,,CES Timbédra (Moughataa),,70,0,144,0,,0,0,0,0,5,0,0,0,0,0,0,0,0,0,0,0,0,0,0,0,0,0,0,0,0,0,0,0,0,0,0,0,0,0,0,0,0,0,0,0,30,0,75,0,0,0,,,0,0,0,0,0,0,0,0,0,0,0,0,0,0,8,0,35,0,61,0,0,0,0,0,0,0,0,0,,NO,,NO,,NO,,
05769eda-aa6e-4bc5-b618-012540acb8b9,Ideas PHCU,Site,rbKATW8JJMC,,2022-11-06,45,2022,2022-11-07,,,,,,Bazongua,,Ideas PHCU,South Sudan,Yambio,,,WES,,0,0,0,0,,0,0,0,0,0,0,0,0,0,0,0,0,0,0,0,0,0,0,0,0,0,0,0,0,0,0,0,0,0,0,0,0,0,0,0,0,0,0,0,0,0,0,0,0,0,0,,,0,0,0,0,0,0,0,0,0,0,0,0,0,0,0,0,0,0,0,0,0,0,0,0,0,0,0,0,,NO,,NO,,NO,,
0acd1f26-80cb-4286-81d0-dd6fae7cc529,Gentil Hospital,Site,Gentil_H,,2022-11-06,45,2022,2022-11-07,,,,,,Jimkuatta,,Gentil Hospital,South Sudan,Maban,,,Upper Nile,,259,0,400,0,,0,0,0,0,30,0,4,0,0,0,0,0,0,0,0,0,0,0,0,0,0,0,0,0,0,0,0,0,0,0,0,0,0,0,0,0,241,0,94,0,12,0,74,0,0,0,,,0,0,0,0,41,0,20,0,0,0,0,0,3,0,18,0,10,0,111,0,0,0,0,0,0,0,0,0,,NO,,NO,,NO,,
930c7691-4a66-4e74-a1f1-5e5482f16898,Mangbondo PHCU,Site,At1ahSmCPD5,,2022-11-06,45,2022,2022-11-07,,,,,,Yambio Town,,Mangbondo PHCU,South Sudan,Yambio,,,WES,,0,0,0,0,,0,0,0,0,0,0,0,0,0,0,0,0,0,0,0,0,0,0,0,0,0,0,0,0,0,0,0,0,0,0,0,0,0,0,0,0,0,0,0,0,0,0,0,0,0,0,,,0,0,0,0,0,0,0,0,0,0,0,0,0,0,0,0,0,0,0,0,0,0,0,0,0,0,0,0,,NO,,NO,,NO,,
f52daade-cac8-4062-a980-09ec2c88ea79,Magida PHCC,Site,magida_phcc,,2022-11-06,45,2022,2022-11-07,,,,,,Bazongua,,Magida PHCC,South Sudan,Yambio,,,WES,,0,0,0,0,,0,0,0,0,0,0,0,0,0,0,0,0,0,0,0,0,0,0,0,0,0,0,0,0,0,0,0,0,0,0,0,0,0,0,0,0,0,0,0,0,0,0,0,0,0,0,,,0,0,0,0,0,0,0,0,0,0,0,0,0,0,0,0,0,0,0,0,0,0,0,0,0,0,0,0,,NO,,NO,,NO,,
0eab5a95-7b7d-4bf4-b173-7b841043b72d,Birisi PHCC,Site,birisi_phcc,,2022-11-06,45,2022,2022-11-07,,,,,,Yambio Town,,Birisi PHCC,South Sudan,Yambio,,,WES,,0,0,0,0,,0,0,0,0,0,0,0,0,0,0,0,0,0,0,0,0,0,0,0,0,0,0,0,0,0,0,0,0,0,0,0,0,0,0,0,0,0,0,0,0,0,0,0,0,0,0,,,0,0,0,0,0,0,0,0,0,0,0,0,0,0,0,0,0,0,0,0,0,0,0,0,0,0,0,0,,NO,,NO,,NO,,
eef3ce35-c662-48e8-aa89-29dec6682c67,Nabipai PHCC,Site,nabipai_phcc,,2022-12-06,45,2022,2022-11-07,,,,,,Bazongua,,Nabipai PHCC,South Sudan,Yambio,,,WES,,0,0,0,0,,0,0,0,0,0,0,0,0,0,0,0,0,0,0,0,0,0,0,0,0,0,0,0,0,0,0,0,0,0,0,0,0,0,0,0,0,0,0,0,0,0,0,0,0,0,0,,,0,0,0,0,0,0,0,0,0,0,0,0,0,0,0,0,0,0,0,0,0,0,0,0,0,0,0,0,,NO,,NO,,NO,,
1e0b43bc-0d3c-4579-957d-e8e6d52415ec,Baguga PHCU,Site,Sifvi9tdIhx,,2022-11-06,45,2022,2022-11-07,,,,,,Yambio Town,,Baguga PHCU,South Sudan,Yambio,,,WES,,0,0,0,0,,0,0,0,0,0,0,0,0,0,0,0,0,0,0,0,0,0,0,0,0,0,0,0,0,0,0,0,0,0,0,0,0,0,0,0,0,0,0,0,0,0,0,0,0,0,0,,,0,0,0,0,0,0,0,0,0,0,0,0,0,0,0,0,0,0,0,0,0,0,0,0,0,0,0,0,,NO,,NO,,NO,,
2c3a34ce-de91-4fd7-b093-3b2dfae9e174,Nadavura PHCU,Site,SS00509S,,2022-11-06,45,2022,2022-11-07,,,,,,Bazongua,,Nadavura PHCU,South Sudan,Yambio,,,WES,,0,0,0,0,,0,0,0,0,0,0,0,0,0,0,0,0,0,0,0,0,0,0,0,0,0,0,0,0,0,0,0,0,0,0,0,0,0,0,0,0,0,0,0,0,0,0,0,0,0,0,,,0,0,0,0,0,0,0,0,0,0,0,0,0,0,0,0,0,0,0,0,0,0,0,0,0,0,0,0,,NO,,NO,,NO,,
b0e17524-754d-46f4-a386-1f54db557fe0,Kuru PHCU,Site,G8uroz3XS4b,,2022-11-06,45,2022,2022-11-07,,,,,,Uyujuku,,Kuru PHCU,South Sudan,Raja,,,WBGZ,,15,0,47,0,,0,0,0,0,6,0,5,0,1,0,0,0,0,0,0,0,0,0,0,0,0,0,0,0,0,0,0,0,0,0,0,0,0,0,0,0,0,0,0,0,12,0,25,0,0,0,,,0,0,0,0,0,0,0,0,0,0,0,0,0,0,0,0,0,0,0,0,0,0,0,0,0,0,0,0,,NO,,NO,,NO,,
48e90f4f-ade9-4915-87a0-dd403e9e3870,Kidi PHCU,Site,cwQC2w2DYDg,,2022-11-06,45,2022,2022-11-07,,,,,,Ngangura,,Kidi PHCU,South Sudan,Yambio,,,WES,,0,0,0,0,,0,0,0,0,0,0,0,0,0,0,0,0,0,0,0,0,0,0,0,0,0,0,0,0,0,0,0,0,0,0,0,0,0,0,0,0,0,0,0,0,0,0,0,0,0,0,,,0,0,0,0,0,0,0,0,0,0,0,0,0,0,0,0,0,0,0,0,0,0,0,0,0,0,0,0,,NO,,NO,,NO,,
18594f99-0a74-421a-9c23-9fb272fc90cc,Nakiri PHCU,Site,MrKv11Y7jat,,2022-11-06,45,2022,2022-11-07,,,,,,Yambio Town,,Nakiri PHCU,South Sudan,Yambio,,,WES,,0,0,0,0,,0,0,0,0,0,0,0,0,0,0,0,0,0,0,0,0,0,0,0,0,0,0,0,0,0,0,0,0,0,0,0,0,0,0,0,0,0,0,0,0,0,0,0,0,0,0,,,0,0,0,0,0,0,0,0,0,0,0,0,0,0,0,0,0,0,0,0,0,0,0,0,0,0,0,0,,NO,,NO,,NO,,
7e343ab6-44c0-480c-81a3-758185add63e,Deim Zubeir PHCC,Site,yHwWdVdIvVH,,2022-11-06,45,2022,2022-11-07,,,,,,Uyujuku,,Deim Zubeir PHCC,South Sudan,Raja,,,WBGZ,,24,0,101,0,,0,0,0,0,5,0,7,0,0,0,1,0,0,0,0,0,0,0,0,0,0,0,0,0,0,0,0,0,0,0,0,0,0,0,0,0,0,0,0,0,15,0,51,0,0,0,,,0,0,0,0,0,0,0,0,0,0,0,0,0,0,0,0,0,0,0,0,0,0,0,0,0,0,0,0,,NO,,NO,,NO,,
d86ce24b-93cd-4cbb-af46-cb7e30f50536,Nayure PHCU,Site,cUwlfOuoCNe,,2022-11-06,45,2022,2022-11-07,,,,,,Yambio Town,,Nayure PHCU,South Sudan,Yambio,,,WES,,0,0,0,0,,0,0,0,0,0,0,0,0,0,0,0,0,0,0,0,0,0,0,0,0,0,0,0,0,0,0,0,0,0,0,0,0,0,0,0,0,0,0,0,0,0,0,0,0,0,0,,,0,0,0,0,0,0,0,0,0,0,0,0,0,0,0,0,0,0,0,0,0,0,0,0,0,0,0,0,,NO,,NO,,NO,,
a1fddbb3-3e77-4221-adc6-6f17f44ec0ef,Timsaha PHCC,Site,SS01036S,,2022-11-06,45,2022,2022-11-07,,,,,,Ere,,Timsaha PHCC,South Sudan,Raja,,,WBGZ,,0,0,0,0,,0,0,0,0,0,0,0,0,0,0,0,0,0,0,0,0,0,0,0,0,0,0,0,0,0,0,0,0,0,0,0,0,0,0,0,0,0,0,0,0,0,0,0,0,0,0,,,0,0,0,0,0,0,0,0,0,0,0,0,0,0,0,0,0,0,0,0,0,0,0,0,0,0,0,0,,NO,,NO,,NO,,
e7c30a72-2872-47ed-ad78-cea85713aa45,Bakiwiri PHCU,Site,zFKhE7hNH7y,,2022-11-06,45,2022,2022-11-07,,,,,,Yambio Town,,Bakiwiri PHCU,South Sudan,Yambio,,,WES,,0,0,0,0,,0,0,0,0,0,0,0,0,0,0,0,0,0,0,0,0,0,0,0,0,0,0,0,0,0,0,0,0,0,0,0,0,0,0,0,0,0,0,0,0,0,0,0,0,0,0,,,0,0,0,0,0,0,0,0,0,0,0,0,0,0,0,0,0,0,0,0,0,0,0,0,0,0,0,0,,NO,,NO,,NO,,
12f3047d-9d0b-4407-ac82-cd69ad9ce625,Diatoro PHCU,Site,xDC06Rq7Mf6,,2022-11-06,45,2022,2022-11-07,,,,,,Yambio Town,,Diatoro PHCU,South Sudan,Yambio,,,WES,,0,0,0,0,,0,0,0,0,0,0,0,0,0,0,0,0,0,0,0,0,0,0,0,0,0,0,0,0,0,0,0,0,0,0,0,0,0,0,0,0,0,0,0,0,0,0,0,0,0,0,,,0,0,0,0,0,0,0,0,0,0,0,0,0,0,0,0,0,0,0,0,0,0,0,0,0,0,0,0,,NO,,NO,,NO,,
03364889-7f18-4e6f-92f0-856c533029c3,Tindoka PHCU,Site,SS00535S,,2022-11-06,45,2022,2022-11-07,,,,,,Yambio Town,,Tindoka PHCU,South Sudan,Yambio,,,WES,,0,0,0,0,,0,0,0,0,0,0,0,0,0,0,0,0,0,0,0,0,0,0,0,0,0,0,0,0,0,0,0,0,0,0,0,0,0,0,0,0,0,0,0,0,0,0,0,0,0,0,,,0,0,0,0,0,0,0,0,0,0,0,0,0,0,0,0,0,0,0,0,0,0,0,0,0,0,0,0,,NO,,NO,,NO,,
6e44f3e3-0c81-4e7e-b995-90bf4a1239aa,Prison PHCU,Site,Prison_Y,,2022-11-06,45,2022,2022-11-07,,,,,,Yambio Town,,Prison PHCU,South Sudan,Yambio,,,WES,,0,0,0,0,,0,0,0,0,0,0,0,0,0,0,0,0,0,0,0,0,0,0,0,0,0,0,0,0,0,0,0,0,0,0,0,0,0,0,0,0,0,0,0,0,0,0,0,0,0,0,,,0,0,0,0,0,0,0,0,0,0,0,0,0,0,0,0,0,0,0,0,0,0,0,0,0,0,0,0,,NO,,NO,,NO,,
05f361db-6775-4cf8-887e-6bdb2baa4b72,Nabagu PHCU,Site,SS00527S,,2022-11-06,45,2022,2022-11-07,,,,,,Yambio Town,,Nabagu PHCU,South Sudan,Yambio,,,WES,,0,0,0,0,,0,0,0,0,0,0,0,0,0,0,0,0,0,0,0,0,0,0,0,0,0,0,0,0,0,0,0,0,0,0,0,0,0,0,0,0,0,0,0,0,0,0,0,0,0,0,,,0,0,0,0,0,0,0,0,0,0,0,0,0,0,0,0,0,0,0,0,0,0,0,0,0,0,0,0,,NO,,NO,,NO,,
8d1bbfe2-b3ef-4015-a504-c27e2dba0477,Ikpiro PHCU,Site,SS01926S,,2022-11-06,45,2022,2022-11-07,,,,,,Yambio Town,,Ikpiro PHCU,South Sudan,Yambio,,,WES,,0,0,0,0,,0,0,0,0,0,0,0,0,0,0,0,0,0,0,0,0,0,0,0,0,0,0,0,0,0,0,0,0,0,0,0,0,0,0,0,0,0,0,0,0,0,0,0,0,0,0,,,0,0,0,0,0,0,0,0,0,0,0,0,0,0,0,0,0,0,0,0,0,0,0,0,0,0,0,0,,NO,,NO,,NO,,
d7200250-3dfa-4f13-bb27-9f47866d67b7,Sue PHCU,Site,OZQLaYaqgq8,,2022-11-06,45,2022,2022-11-07,,,,,,Bangasu,,Sue PHCU,South Sudan,Yambio,,,WES,,0,0,0,0,,0,0,0,0,0,0,0,0,0,0,0,0,0,0,0,0,0,0,0,0,0,0,0,0,0,0,0,0,0,0,0,0,0,0,0,0,0,0,0,0,0,0,0,0,0,0,,,0,0,0,0,0,0,0,0,0,0,0,0,0,0,0,0,0,0,0,0,0,0,0,0,0,0,0,0,,NO,,NO,,NO,,
c31e8edd-f355-43c6-8926-e4e035f42a13,Boro Medina PHCC,Site,sSc3lnlsVlk,,2022-11-06,45,2022,2022-11-07,,,,,,Ringi,,Boro Medina PHCC,South Sudan,Raja,,,WBGZ,,30,0,126,0,,0,0,0,0,7,0,10,0,0,0,1,0,0,0,0,0,0,0,0,0,0,0,0,0,0,0,0,0,0,0,0,0,0,0,0,0,0,0,0,0,19,0,45,0,0,0,,,0,0,0,0,0,0,0,0,0,0,0,0,0,0,0,0,0,0,0,0,0,0,0,0,0,0,0,0,,NO,,NO,,NO,,
2cb59368-da8e-4c91-85bb-663712888e86,Masia PHCU,Site,SS00526S,,2022-11-06,45,2022,2022-11-07,,,,,,Yambio Town,,Masia PHCU,South Sudan,Yambio,,,WES,,0,0,0,0,,0,0,0,0,0,0,0,0,0,0,0,0,0,0,0,0,0,0,0,0,0,0,0,0,0,0,0,0,0,0,0,0,0,0,0,0,0,0,0,0,0,0,0,0,0,0,,,0,0,0,0,0,0,0,0,0,0,0,0,0,0,0,0,0,0,0,0,0,0,0,0,0,0,0,0,,NO,,NO,,NO,,
19238f14-4efb-49ff-b20a-e80efb5b009d,Masumbu PHCU,Site,EQWyMB3uaMm,,2022-11-06,45,2022,2022-11-07,,,,,,Bangasu,,Masumbu PHCU,South Sudan,Yambio,,,WES,,0,0,0,0,,0,0,0,0,0,0,0,0,0,0,0,0,0,0,0,0,0,0,0,0,0,0,0,0,0,0,0,0,0,0,0,0,0,0,0,0,0,0,0,0,0,0,0,0,0,0,,,0,0,0,0,0,0,0,0,0,0,0,0,0,0,0,0,0,0,0,0,0,0,0,0,0,0,0,0,,NO,,NO,,NO,,
19fcf169-e4c2-42b6-b1b8-852ddb06e179,Nakofo PHCC,Site,nakofo_phcc,,2022-11-06,45,2022,2022-11-07,,,,,,Yambio Town,,Nakofo PHCC,South Sudan,Yambio,,,WES,,0,0,0,0,,0,0,0,0,0,0,0,0,0,0,0,0,0,0,0,0,0,0,0,0,0,0,0,0,0,0,0,0,0,0,0,0,0,0,0,0,0,0,0,0,0,0,0,0,0,0,,,0,0,0,0,0,0,0,0,0,0,0,0,0,0,0,0,0,0,0,0,0,0,0,0,0,0,0,0,,NO,,NO,,NO,,
40b27e41-8f5c-44f8-a3ee-b6120a1d63f6,Li-Bodo PHCU,Site,SS00507S,,2022-11-06,45,2022,2022-11-07,,,,,,Bazongua,,Li-Bodo PHCU,South Sudan,Yambio,,,WES,,0,0,0,0,,0,0,0,0,0,0,0,0,0,0,0,0,0,0,0,0,0,0,0,0,0,0,0,0,0,0,0,0,0,0,0,0,0,0,0,0,0,0,0,0,0,0,0,0,0,0,,,0,0,0,0,0,0,0,0,0,0,0,0,0,0,0,0,0,0,0,0,0,0,0,0,0,0,0,0,,NO,,NO,,NO,,
916f77aa-f393-4b40-a873-4fd060c074f5,Bodo PHCU,Site,IzuqcDwL4hg,,2022-11-06,45,2022,2022-11-07,,,,,,Bazongua,,Bodo PHCU,South Sudan,Yambio,,,WES,,0,0,0,0,,0,0,0,0,0,0,0,0,0,0,0,0,0,0,0,0,0,0,0,0,0,0,0,0,0,0,0,0,0,0,0,0,0,0,0,0,0,0,0,0,0,0,0,0,0,0,,,0,0,0,0,0,0,0,0,0,0,0,0,0,0,0,0,0,0,0,0,0,0,0,0,0,0,0,0,,NO,,NO,,NO,,
c9ce7799-c798-4f66-a533-cb870720c017,Nazizi PHCC,Site,nazizi_phcc,,2022-11-06,45,2022,2022-11-07,,,,,,Ezo Centre,,Nazizi PHCC,South Sudan,Ezo,,,WES,,10,0,20,0,,0,0,0,0,2,0,3,0,0,0,0,0,0,0,0,0,0,0,0,0,0,0,0,0,0,0,0,0,0,0,0,0,0,0,0,0,0,0,0,0,4,0,2,0,0,0,,,0,0,0,0,0,0,0,0,0,0,0,0,0,0,0,0,0,0,0,0,0,0,0,0,0,0,0,0,,NO,,NO,,NO,,
5956b045-3334-4192-8aae-1e59b92fc0eb,Katta PHCU,Site,vO0Dp1ALXPP,,2022-11-06,45,2022,2022-11-07,,,,,,Ringi,,Katta PHCU,South Sudan,Raja,,,WBGZ,,0,0,0,0,,0,0,0,0,0,0,0,0,0,0,0,0,0,0,0,0,0,0,0,0,0,0,0,0,0,0,0,0,0,0,0,0,0,0,0,0,0,0,0,0,0,0,0,0,0,0,,,0,0,0,0,0,0,0,0,0,0,0,0,0,0,0,0,0,0,0,0,0,0,0,0,0,0,0,0,,NO,,NO,,NO,,
4a48357b-2ebf-447c-b2a6-b6e7009e0e53,Bazumburu PHCU,Site,SS00503S,,2022-11-06,45,2022,2022-11-07,,,,,,Bazongua,,Bazumburu PHCU,South Sudan,Yambio,,,WES,,0,0,0,0,,0,0,0,0,0,0,0,0,0,0,0,0,0,0,0,0,0,0,0,0,0,0,0,0,0,0,0,0,0,0,0,0,0,0,0,0,0,0,0,0,0,0,0,0,0,0,,,0,0,0,0,0,0,0,0,0,0,0,0,0,0,0,0,0,0,0,0,0,0,0,0,0,0,0,0,,NO,,NO,,NO,,
45f6b651-628d-48fc-bebf-c557871d4612,Magbuka PHCU,Site,vxU5UO75BTg,,2022-11-06,45,2022,2022-11-07,,,,,,Bangasu,,Magbuka PHCU,South Sudan,Yambio,,,WES,,0,0,0,0,,0,0,0,0,0,0,0,0,0,0,0,0,0,0,0,0,0,0,0,0,0,0,0,0,0,0,0,0,0,0,0,0,0,0,0,0,0,0,0,0,0,0,0,0,0,0,,,0,0,0,0,0,0,0,0,0,0,0,0,0,0,0,0,0,0,0,0,0,0,0,0,0,0,0,0,,NO,,NO,,NO,,
f7daeaaa-8fea-4294-8bea-ccd8871a9901,Madoro PHCU,Site,SS00416S,,2022-11-06,45,2022,2022-11-07,,,,,,Ezo Centre,,Madoro PHCU,South Sudan,Ezo,,,WES,,39,0,105,0,,0,0,0,0,4,0,3,0,1,0,2,0,0,0,0,0,0,0,0,0,0,0,0,0,0,0,0,0,0,0,0,0,0,0,0,0,0,0,0,0,18,0,36,0,0,0,,,0,0,0,0,0,0,0,0,0,0,0,0,0,0,0,0,0,0,0,0,0,0,0,0,0,0,0,0,,NO,,NO,,NO,,
9a4e8027-8b6d-4305-82e1-774ea911c0bc,Berezibo PHCU,Site,SS00493S,,2022-11-06,45,2022,2022-11-07,,,,,,Bangasu,,Berezibo PHCU,South Sudan,Yambio,,,WES,,0,0,0,0,,0,0,0,0,0,0,0,0,0,0,0,0,0,0,0,0,0,0,0,0,0,0,0,0,0,0,0,0,0,0,0,0,0,0,0,0,0,0,0,0,0,0,0,0,0,0,,,0,0,0,0,0,0,0,0,0,0,0,0,0,0,0,0,0,0,0,0,0,0,0,0,0,0,0,0,,NO,,NO,,NO,,
f822ed38-0ef9-41f9-bcba-fa619c2bbdb4,Kasia PHCU,Site,zHR1Qrkvnt0,,2022-11-06,45,2022,2022-11-07,,,,,,Bangasu,,Kasia PHCU,South Sudan,Yambio,,,WES,,0,0,0,0,,0,0,0,0,0,0,0,0,0,0,0,0,0,0,0,0,0,0,0,0,0,0,0,0,0,0,0,0,0,0,0,0,0,0,0,0,0,0,0,0,0,0,0,0,0,0,,,0,0,0,0,0,0,0,0,0,0,0,0,0,0,0,0,0,0,0,0,0,0,0,0,0,0,0,0,,NO,,NO,,NO,,
25b9c38f-88fd-4ae2-bd1c-aee740ad7b73,Mariagba PHCU,Site,wboQQh20esG,,2022-11-06,45,2022,2022-11-07,,,,,,Ezo Centre,,Mariagba PHCU,South Sudan,Ezo,,,WES,,16,0,26,0,,0,0,0,0,0,0,2,0,0,0,1,0,0,0,0,0,0,0,0,0,0,0,0,0,0,0,0,0,0,0,0,0,0,0,0,0,0,0,0,0,4,0,6,0,0,0,,,0,0,0,0,0,0,0,0,0,0,0,0,0,0,0,0,0,0,0,0,0,0,0,0,0,0,0,0,,NO,,NO,,NO,,
32050a78-b86f-48ac-90af-36ee79516d78,Nangere PHCU,Site,SXrScpo8x41,,2022-11-06,45,2022,2022-11-07,,,,,,Bangasu,,Nangere PHCU,South Sudan,Yambio,,,WES,,0,0,0,0,,0,0,0,0,0,0,0,0,0,0,0,0,0,0,0,0,0,0,0,0,0,0,0,0,0,0,0,0,0,0,0,0,0,0,0,0,0,0,0,0,0,0,0,0,0,0,,,0,0,0,0,0,0,0,0,0,0,0,0,0,0,0,0,0,0,0,0,0,0,0,0,0,0,0,0,,NO,,NO,,NO,,
b4a5dad6-bcd0-43e2-9aeb-09b587799998,Bambaraze PHCU,Site,L40EIDhNdKF,,2022-11-06,45,2022,2022-11-07,,,,,,Bariguna,,Bambaraze PHCU,South Sudan,Ezo,,,WES,,25,0,70,0,,0,0,0,0,3,0,2,0,0,0,0,0,0,0,0,0,0,0,0,0,0,0,0,0,0,0,0,0,0,0,0,0,0,0,0,0,0,0,0,0,7,0,12,0,0,0,,,0,0,0,0,0,0,0,0,0,0,0,0,0,0,0,0,0,0,0,0,0,0,0,0,0,0,0,0,,NO,,NO,,NO,,
0c9fad35-fbec-4aa1-8ceb-5acbf0ced6b1,Kierwan PHCC,Site,Kierwan PHCU _mal,,2022-11-06,45,2022,2022-11-07,,,,,,Kierwan,,Kierwan PHCC,South Sudan,Luakpiny Nasir,,,Upper Nile,,46,0,90,0,,0,0,0,0,9,0,1,0,0,0,0,0,0,0,0,0,0,0,0,0,0,0,0,0,0,0,0,0,0,0,0,0,0,0,0,0,13,0,11,0,7,0,35,0,0,0,,,0,0,0,0,9,0,8,0,0,0,1,0,0,0,6,0,8,0,28,0,0,0,0,0,0,0,0,0,,NO,,NO,,NO,,
a172d255-3aa4-454b-90db-0e71ae4e9e40,Ukuo PHCU,Site,TdIiXj8Xl7J,,2022-11-06,45,2022,2022-11-07,,,,,,Bangasu,,Ukuo PHCU,South Sudan,Yambio,,,WES,,0,0,0,0,,0,0,0,0,0,0,0,0,0,0,0,0,0,0,0,0,0,0,0,0,0,0,0,0,0,0,0,0,0,0,0,0,0,0,0,0,0,0,0,0,0,0,0,0,0,0,,,0,0,0,0,0,0,0,0,0,0,0,0,0,0,0,0,0,0,0,0,0,0,0,0,0,0,0,0,,NO,,NO,,NO,,
10f02f79-24ef-4937-b547-118da57c687a,Bafuka PHCU,Site,ETuFaKyE0Fs,,2022-11-06,45,2022,2022-11-07,,,,,,Andari,,Bafuka PHCU,South Sudan,Ezo,,,WES,,46,0,72,0,,0,0,0,0,1,0,6,0,0,0,0,0,0,0,0,0,0,0,0,0,0,0,0,0,0,0,0,0,0,0,0,0,0,0,0,0,0,0,0,0,14,0,15,0,0,0,,,0,0,0,0,0,0,0,0,0,0,0,0,0,0,0,0,0,0,0,0,0,0,0,0,0,0,0,0,,NO,,NO,,NO,,
43bcee0f-5d09-4aba-9429-7a11cccc521d,Saura II  PHCU,Site,SS00532S,,2022-11-06,45,2022,2022-11-07,,,,,,Yambio Town,,Saura II  PHCU,South Sudan,Yambio,,,WES,,0,0,0,0,,0,0,0,0,0,0,0,0,0,0,0,0,0,0,0,0,0,0,0,0,0,0,0,0,0,0,0,0,0,0,0,0,0,0,0,0,0,0,0,0,0,0,0,0,0,0,,,0,0,0,0,0,0,0,0,0,0,0,0,0,0,0,0,0,0,0,0,0,0,0,0,0,0,0,0,,NO,,NO,,NO,,
6f888ac3-5182-4530-b5c8-7b190e3ec802,Andari PHCU,Site,uCzbAidUUpq,,2022-11-06,45,2022,2022-11-07,,,,,,Andari,,Andari PHCU,South Sudan,Ezo,,,WES,,12,0,11,0,,0,0,0,0,1,0,1,0,0,0,0,0,0,0,0,0,0,0,0,0,0,0,0,0,0,0,0,0,0,0,0,0,0,0,0,0,0,0,0,0,5,0,1,0,0,0,,,0,0,0,0,0,0,0,0,0,0,0,0,0,0,0,0,0,0,0,0,0,0,0,0,0,0,0,0,,NO,,NO,,NO,,
410b7a55-4be4-4660-83e7-71117d7f5c3b,Bangangai PHCU,Site,TqPyprm5WDp,,2022-11-06,45,2022,2022-11-07,,,,,,Andari,,Bangangai PHCU,South Sudan,Ezo,,,WES,,22,0,40,0,,0,0,0,0,3,0,4,0,2,0,2,0,0,0,0,0,0,0,0,0,0,0,0,0,0,0,0,0,0,0,0,0,0,0,0,0,0,0,0,0,10,0,15,0,0,0,,,0,0,0,0,0,0,0,0,0,0,0,0,0,0,0,0,0,0,0,0,0,0,0,0,0,0,0,0,,NO,,NO,,NO,,
e65f1871-8800-4d92-856d-464c36caca14,Makpandu PHCC,Site,iwAdNZc4gnx,,2022-11-06,45,2022,2022-11-07,,,,,,Bangasu,,Makpandu PHCC,South Sudan,Yambio,,,WES,,0,0,0,0,,0,0,0,0,0,0,0,0,0,0,0,0,0,0,0,0,0,0,0,0,0,0,0,0,0,0,0,0,0,0,0,0,0,0,0,0,0,0,0,0,0,0,0,0,0,0,,,0,0,0,0,0,0,0,0,0,0,0,0,0,0,0,0,0,0,0,0,0,0,0,0,0,0,0,0,,NO,,NO,,NO,,
8bd60ece-e491-4ab3-a8ac-e6b53b9ebf44,Minamba A PHCU,Site,SS01048S,,2022-11-06,45,2022,2022-11-07,,,,,,Ringi,,Minamba A PHCU,South Sudan,Raja,,,WBGZ,,0,0,0,0,,0,0,0,0,0,0,0,0,0,0,0,0,0,0,0,0,0,0,0,0,0,0,0,0,0,0,0,0,0,0,0,0,0,0,0,0,0,0,0,0,0,0,0,0,0,0,,,0,0,0,0,0,0,0,0,0,0,0,0,0,0,0,0,0,0,0,0,0,0,0,0,0,0,0,0,,NO,,NO,,NO,,
4c43d141-4e76-406a-b64f-c035982c1b0f,Banduguyo PHCU,Site,p1uEYiw9oNb,,2022-11-06,45,2022,2022-11-07,,,,,,Bariguna,,Banduguyo PHCU,South Sudan,Ezo,,,WES,,29,0,44,0,,0,0,0,0,4,0,7,0,2,0,4,0,0,0,0,0,0,0,0,0,0,0,0,0,0,0,0,0,0,0,0,0,0,0,0,0,0,0,0,0,11,0,15,0,0,0,,,0,0,0,0,0,0,0,0,0,0,0,0,0,0,0,0,0,0,0,0,0,0,0,0,0,0,0,0,,NO,,NO,,NO,,
31ff9665-51dc-4791-aceb-957782d9103d,Bariebade phcu,Site,Bar_s,,2022-11-06,45,2022,2022-11-07,,,,,,Bariguna,,Bariebade phcu,South Sudan,Ezo,,,WES,,37,0,47,0,,0,0,0,0,3,0,7,0,2,0,4,0,0,0,0,0,0,0,0,0,0,0,0,0,0,0,0,0,0,0,0,0,0,0,0,0,0,0,0,0,7,0,10,0,0,0,,,0,0,0,0,0,0,0,0,0,0,0,0,0,0,0,0,0,0,0,0,0,0,0,0,0,0,0,0,,NO,,NO,,NO,,
06364767-286d-478a-a308-97aa4cf9dadb,Dingkar PHCU,Site,JhTLpDCdqJ3,,2022-11-06,45,2022,2022-11-07,,,,,,Dingkar,,Dingkar PHCU,South Sudan,Luakpiny Nasir,,,Upper Nile,,29,0,31,0,,0,0,0,0,4,0,4,0,0,0,0,0,0,0,0,0,0,0,0,0,0,0,0,0,0,0,0,0,0,0,0,0,0,0,0,0,4,0,6,0,13,0,10,0,0,0,,,0,0,0,0,3,0,1,0,0,0,0,0,3,0,3,0,2,0,7,0,0,0,0,0,0,0,0,0,,NO,,NO,,NO,,
175a6fb0-e47d-4af4-a374-9df0a37e1cb6,Yangiri PHCC,Site,C3962wRGOWj,,2022-11-06,45,2022,2022-11-07,,,,,,Yangiri,,Yangiri PHCC,South Sudan,Ezo,,,WES,,44,0,63,0,,0,0,0,0,1,0,5,0,0,0,0,0,0,0,0,0,0,0,0,0,0,0,0,0,0,0,0,0,0,0,0,0,0,0,0,0,0,0,0,0,26,0,19,0,0,0,,,0,0,0,0,0,0,0,0,0,0,0,0,0,0,0,0,0,0,0,0,0,0,0,0,0,0,0,0,,NO,,NO,,NO,,
7457c13b-ec37-48a3-abd4-57df40b0779d,ADA New Fangak Mobile Clinic ,Site,SS01491S,,2022-11-06,45,2022,2022-11-07,,,,,,New Fangak,,ADA New Fangak Mobile Clinic ,South Sudan,Fangak,,,Jonglei,,92,0,74,0,,0,0,0,0,10,0,9,0,0,0,0,0,0,0,0,0,0,0,0,0,0,0,0,0,0,0,0,0,0,0,0,0,0,0,0,0,14,0,21,0,20,0,24,0,0,0,,,0,0,0,0,4,0,5,0,0,0,0,0,6,0,7,0,21,0,24,0,0,0,0,0,0,0,0,0,,NO,,NO,,NO,,
d03f7499-80e2-4717-9dee-617e6aafd36c,Bagidi PHCU,Site,X4zRNGDnnw0,,2022-11-06,45,2022,2022-11-07,,,,,,Bagidi,,Bagidi PHCU,South Sudan,Ezo,,,WES,,17,0,22,0,,0,0,0,0,1,0,2,0,0,0,0,0,0,0,0,0,0,0,0,0,0,0,0,0,0,0,0,0,0,0,0,0,0,0,0,0,0,0,0,0,8,0,11,0,0,0,,,0,0,0,0,0,0,0,0,0,0,0,0,0,0,0,0,0,0,0,0,0,0,0,0,0,0,0,0,,NO,,NO,,NO,,
aa11e1e4-0e6c-445a-b39c-379b04add0c4,Baragu PHCU,Site,QjcNAnIwCT0,,2022-11-06,45,2022,2022-11-07,,,,,,Andari,,Baragu PHCU,South Sudan,Ezo,,,WES,,26,0,61,0,,0,0,0,0,1,0,1,0,3,0,1,0,0,0,0,0,0,0,0,0,0,0,0,0,0,0,0,0,0,0,0,0,0,0,0,0,0,0,0,0,14,0,20,0,0,0,,,0,0,0,0,0,0,0,0,0,0,0,0,0,0,0,0,0,0,0,0,0,0,0,0,0,0,0,0,,NO,,NO,,NO,,
bfbf426d-81cc-4883-bb96-167c68336cd2,Nyasi phcu,Site,knBs0a5gNdS,,2022-11-06,45,2022,2022-11-07,,,,,,Naandi,,Nyasi phcu,South Sudan,Ezo,,,WES,,22,0,47,0,,0,0,0,0,2,0,1,0,1,0,3,0,0,0,0,0,0,0,0,0,0,0,0,0,0,0,0,0,0,0,0,0,0,0,0,0,0,0,0,0,3,0,5,0,0,0,,,0,0,0,0,0,0,0,0,0,0,0,0,0,0,0,0,0,0,0,0,0,0,0,0,0,0,0,0,,NO,,NO,,NO,,
edb986c0-dc28-4ba1-83df-6252c526e60c,HFO Chotbora Mobile Clinic,Site,Chotbora _Mobile Clinic,,2022-11-06,45,2022,2022-11-07,,,,,,Old Fangak,,HFO Chotbora Mobile Clinic,South Sudan,Fangak,,,Jonglei,,60,0,90,0,,10,0,15,0,0,0,0,0,0,0,0,0,0,0,0,0,0,0,0,0,0,0,0,0,0,0,0,0,0,0,0,0,0,0,0,0,15,0,25,0,30,0,40,0,0,0,,,0,0,0,0,5,0,5,0,0,0,0,0,0,0,0,0,0,0,5,0,0,0,0,0,0,0,0,0,,NO,,NO,,NO,,
978deb9f-a1c1-474f-8718-b5d5593d6a70,Nagasi PHCU,Site,qETxTwYpHyC,,2022-11-06,45,2022,2022-11-07,,,,,,Naandi,,Nagasi PHCU,South Sudan,Ezo,,,WES,,71,0,68,0,,0,0,0,0,4,0,2,0,0,0,3,0,0,0,0,0,0,0,0,0,0,0,0,0,0,0,0,0,0,0,0,0,0,0,0,0,0,0,0,0,22,0,28,0,0,0,,,0,0,0,0,0,0,0,0,0,0,0,0,0,0,0,0,0,0,0,0,0,0,0,0,0,0,0,0,,NO,,NO,,NO,,
abe8c2e8-6143-424e-807d-d42e3f9fce73,Diabio PHCU,Site,p8VVtV4PoDZ,,2022-11-06,45,2022,2022-11-07,,,,,,Naandi,,Diabio PHCU,South Sudan,Ezo,,,WES,,129,0,30,0,,0,0,0,0,4,0,0,0,4,0,0,0,0,0,0,0,0,0,0,0,0,0,0,0,0,0,0,0,0,0,0,0,0,0,0,0,0,0,0,0,109,0,5,0,0,0,,,0,0,0,0,0,0,0,0,0,0,0,0,0,0,0,0,0,0,0,0,0,0,0,0,0,0,0,0,,NO,,NO,,NO,,
183083bf-11a1-487f-a34b-fc8651cd76e4,Nanzinga PHCU,Site,thXJo6oloMS,,2022-11-06,45,2022,2022-11-07,,,,,,Ezo Centre,,Nanzinga PHCU,South Sudan,Ezo,,,WES,,51,0,66,0,,0,0,0,0,1,0,3,0,0,0,0,0,0,0,0,0,0,0,0,0,0,0,0,0,0,0,0,0,0,0,0,0,0,0,0,0,0,0,0,0,37,0,36,0,0,0,,,0,0,0,0,0,0,0,0,0,0,0,0,0,0,0,0,0,0,0,0,0,0,0,0,0,0,0,0,,NO,,NO,,NO,,
023d2f96-f6b9-4877-bc5a-9551c890c223,ECS Masumbu PHCC,Site,SS00414S,,2022-11-06,45,2022,2022-11-07,,,,,,Ezo Centre,,ECS Masumbu PHCC,South Sudan,Ezo,,,WES,,30,0,29,0,,0,0,0,0,3,0,4,0,2,0,1,0,0,0,0,0,0,0,0,0,0,0,0,0,0,0,0,0,0,0,0,0,0,0,0,0,0,0,0,0,10,0,11,0,0,0,,,0,0,0,0,0,0,0,0,0,0,0,0,0,0,0,0,0,0,0,0,0,0,0,0,0,0,0,0,,NO,,NO,,NO,,
c1cf036e-769d-4073-a1cb-878173000bd7,Malek (Nasir) PHCU,Site,Malek_hf,,2022-11-06,45,2022,2022-11-07,,,,,,Kierwan,,Malek (Nasir) PHCU,South Sudan,Luakpiny Nasir,,,Upper Nile,,62,0,39,0,,0,0,0,0,10,0,4,0,0,0,1,0,0,0,0,0,0,0,0,0,0,0,0,0,0,0,0,0,0,0,0,0,0,0,0,0,13,0,8,0,18,0,13,0,0,0,,,0,0,0,0,13,0,4,0,0,0,0,0,3,0,0,0,5,0,9,0,0,0,0,0,0,0,0,0,,NO,,NO,,NO,,
ea3d784e-b911-4460-a431-ed9c89f55c11,Moso PHCU,Site,sQBcJrZVUsg,,2022-11-06,45,2022,2022-11-07,,,,,,Bagidi,,Moso PHCU,South Sudan,Ezo,,,WES,,21,0,16,0,,0,0,0,0,1,0,0,0,0,0,3,0,0,0,0,0,0,0,0,0,0,0,0,0,0,0,0,0,0,0,0,0,0,0,0,0,0,0,0,0,16,0,10,0,0,0,,,0,0,0,0,0,0,0,0,0,0,0,0,0,0,0,0,0,0,0,0,0,0,0,0,0,0,0,0,,NO,,NO,,NO,,
bad5b42b-068d-420e-af2f-68e9fcf9dac1,Mangbangau PHCU,Site,KG9dKBvqRgy,,2022-11-06,45,2022,2022-11-07,,,,,,Ezo Centre,,Mangbangau PHCU,South Sudan,Ezo,,,WES,,17,0,46,0,,0,0,0,0,3,0,1,0,0,0,0,0,0,0,0,0,0,0,0,0,0,0,0,0,0,0,0,0,0,0,0,0,0,0,0,0,0,0,0,0,10,0,26,0,0,0,,,0,0,0,0,0,0,0,0,0,0,0,0,0,0,0,0,0,0,0,0,0,0,0,0,0,0,0,0,,NO,,NO,,NO,,
252ff5bb-472a-44bd-b710-bf87ea3446ca,Gemaiza PHCU,Site,Gemaiza _phcu,,2022-11-06,45,2022,2022-11-07,,,,,,Gemaiza,,Gemaiza PHCU,South Sudan,Terekeka,,,CES Timbédra (Moughataa),,17,0,21,0,,0,0,0,0,0,0,0,0,0,0,0,0,0,0,0,0,0,0,0,0,0,0,0,0,0,0,0,0,0,0,0,0,0,0,0,0,0,0,0,0,6,0,11,0,0,0,,,0,0,0,0,0,0,0,0,0,0,0,0,0,0,0,0,0,0,0,0,0,0,0,0,0,0,0,0,,NO,,NO,,NO,,
2f099ed8-4935-4027-aa31-1ad58a672e0c,Kuda PHCU,Site,uO6YvF0bmBn,,2022-11-06,45,2022,2022-11-07,,,,,,Nyori ,,Kuda PHCU,South Sudan,Terekeka,,,CES Timbédra (Moughataa),,10,0,14,0,,0,0,0,0,0,0,0,0,0,0,0,0,0,0,0,0,0,0,0,0,0,0,0,0,0,0,0,0,0,0,0,0,0,0,0,0,0,0,0,0,6,0,9,0,0,0,,,0,0,0,0,0,0,0,0,0,0,0,0,0,0,0,0,0,0,0,0,0,0,0,0,0,0,0,0,,NO,,NO,,NO,,
b8ddf002-8de5-4dc5-a5f2-3bdb98ca9c70,Moridi PHCU,Site,yP9KpB9dTyN,,2022-11-06,45,2022,2022-11-07,,,,,,Nyori ,,Moridi PHCU,South Sudan,Terekeka,,,CES Timbédra (Moughataa),,23,0,41,0,,0,0,0,0,1,0,0,0,0,0,0,0,0,0,0,0,0,0,0,0,0,0,0,0,0,0,0,0,0,0,0,0,0,0,0,0,0,0,0,0,13,0,25,0,0,0,,,0,0,0,0,0,0,0,0,0,0,0,0,0,0,0,0,0,0,0,0,0,0,0,0,0,0,0,0,,NO,,NO,,NO,,
e0c54928-12ce-4706-aa8a-3569cc10e6b8,Kwornyang,Site,Kworn_site,,2022-11-06,45,2022,2022-11-07,,,,,,Reggo ,,Kwornyang,South Sudan,Terekeka,,,CES Timbédra (Moughataa),,10,0,21,0,,0,0,0,0,0,0,0,0,0,0,0,0,0,0,0,0,0,0,0,0,0,0,0,0,0,0,0,0,0,0,0,0,0,0,0,0,0,0,0,0,6,0,11,0,0,0,,,0,0,0,0,0,0,0,0,0,0,0,0,0,0,0,0,0,0,0,0,0,0,0,0,0,0,0,0,,NO,,NO,,NO,,
bcb9b405-27b7-4ade-9253-3bf0f8b90730,Mokido PHCU,Site,Moki_site,,2022-11-06,45,2022,2022-11-07,,,,,,Tali,,Mokido PHCU,South Sudan,Terekeka,,,CES Timbédra (Moughataa),,22,0,35,0,,0,0,0,0,1,0,0,0,0,0,0,0,0,0,0,0,0,0,0,0,0,0,0,0,0,0,0,0,0,0,0,0,0,0,0,0,0,0,0,0,12,0,25,0,0,0,,,0,0,0,0,0,0,0,0,0,0,0,0,0,0,0,0,0,0,0,0,0,0,0,0,0,0,0,0,,NO,,NO,,NO,,
9c25701c-d0e8-4b50-93f5-580709c3c97c,HFO Jowak Mobile Clinic,Site,SS01496S,,2022-11-06,45,2022,2022-11-07,,,,,,Paguir,,HFO Jowak Mobile Clinic,South Sudan,Fangak,,,Jonglei,,64,0,52,0,,0,0,0,0,9,0,6,0,0,0,2,0,0,0,0,0,0,0,0,0,0,0,0,0,0,0,0,0,0,0,0,0,0,0,0,0,18,0,13,0,34,0,40,0,0,0,,,0,0,0,0,15,0,11,0,0,0,0,0,10,0,16,0,20,0,22,0,0,0,0,0,0,0,0,0,,NO,,NO,,NO,,
02e0f7e8-9da6-4b20-ad24-016727478613,Ajwara PHCU ,Site,wDjXMhTBjVT,,2022-11-06,45,2022,2022-11-07,,,,,,Pochalla,,Ajwara PHCU ,South Sudan,Pochalla,,,Jonglei,,32,0,37,0,,0,0,0,0,4,0,5,0,1,0,0,0,0,0,0,0,0,0,0,0,0,0,0,0,0,0,0,0,0,0,0,0,0,0,0,0,12,0,17,0,13,0,14,0,0,0,,,0,0,0,0,0,0,0,0,0,0,0,0,0,0,0,0,0,0,0,0,0,0,0,0,0,0,0,0,,NO,,NO,,NO,,
e495bfdb-e717-432d-abe0-272a2da02eb2,Okadi PHCU,Site,vzj86WJa0Io,,2022-11-06,45,2022,2022-11-07,,,,,,Akiela,,Okadi PHCU,South Sudan,Pochalla,,,Jonglei,,19,0,24,0,,0,0,0,0,4,0,5,0,1,0,1,0,0,0,0,0,0,0,0,0,0,0,0,0,0,0,0,0,0,0,0,0,0,0,0,0,3,0,2,0,11,0,15,0,0,0,,,0,0,0,0,0,0,0,0,0,0,0,0,0,0,0,0,0,0,0,0,0,0,0,0,0,0,0,0,,NO,,NO,,NO,,
fdc0c9f0-7cb9-400c-86a1-0bd8e2bbd23f,Tombek PHCC,Site,Pa9PESwxaIS,,2022-11-06,45,2022,2022-11-07,,,,,,Tombek,,Tombek PHCC,South Sudan,Terekeka,,,CES Timbédra (Moughataa),,47,0,116,0,,0,0,0,0,1,0,0,0,0,0,0,0,0,0,0,0,0,0,0,0,0,0,0,0,0,0,0,0,0,0,0,0,0,0,0,0,0,0,0,0,33,0,86,0,0,0,,,0,0,0,0,0,0,0,0,0,0,0,0,0,0,0,0,0,0,0,0,0,0,0,0,0,0,0,0,,NO,,NO,,NO,,
e3eeab31-0f60-4c11-8ba9-22289bf3df46,Ojangbai PHCU,Site,R1dkQik8wJM,,2022-11-06,45,2022,2022-11-07,,,,,,Pochalla,,Ojangbai PHCU,South Sudan,Pochalla,,,Jonglei,,38,0,29,0,,0,0,0,0,5,0,2,0,1,0,1,0,0,0,0,0,0,0,0,0,0,0,0,0,0,0,0,0,0,0,0,0,0,0,0,0,13,0,12,0,11,0,7,0,0,0,,,0,0,0,0,0,0,0,0,0,0,0,0,0,0,0,0,0,0,0,0,0,0,0,0,0,0,0,0,,NO,,NO,,NO,,
d90c2d2f-95f6-4742-b4fd-a12c46985dd8,Anguoth PHCU,Site,BKdCNaY7m7j,,2022-11-06,45,2022,2022-11-07,,,,,,Riau,,Anguoth PHCU,South Sudan,Gogrial West,,,Warrap,,49,0,69,0,,0,0,0,0,5,0,3,0,0,0,0,0,0,0,0,0,0,0,0,0,0,0,0,0,0,0,0,0,0,0,0,0,0,0,0,0,0,0,0,0,44,0,66,0,0,0,,,0,0,0,0,0,0,0,0,0,0,0,0,0,0,0,0,0,0,0,0,0,0,0,0,0,0,0,0,,NO,,NO,,NO,,
513f8445-d6c4-4651-91c2-307c399c47a1,Muni PHCC,Site,NSjrBgTIWMt,,2022-11-06,45,2022,2022-11-07,,,,,,Muni ,,Muni PHCC,South Sudan,Terekeka,,,CES Timbédra (Moughataa),,106,0,238,0,,0,0,0,0,3,0,0,0,0,0,0,0,0,0,0,0,0,0,0,0,0,0,0,0,0,0,0,0,0,0,0,0,0,0,0,0,0,0,0,0,43,0,168,0,0,0,,,0,0,0,0,1,0,1,0,0,0,0,0,0,0,0,0,0,0,0,0,0,0,0,0,0,0,0,0,,NO,,NO,,NO,,
5c0497a5-f404-49d9-8fee-3adab25538d5,Guangnou PHCU,Site,foq1ThudZZ3,,2022-11-06,45,2022,2022-11-07,,,,,,Gomjuer WEst,,Guangnou PHCU,South Sudan,Aweil West,,,NBGZ,,21,0,15,0,,0,0,0,0,0,0,0,0,0,0,0,0,0,0,0,0,0,0,0,0,0,0,0,0,0,0,0,0,0,0,0,0,0,0,0,0,0,0,0,0,7,0,5,0,0,0,,,0,0,0,0,0,0,0,0,0,0,0,0,0,0,0,0,0,0,0,0,0,0,0,0,0,0,0,0,,NO,,NO,,NO,,
e59e73a5-4e23-4d4d-b6b1-730e1c3e8dde,Lojora PHCU,Site,JUv4PT55G6X,,2022-11-06,45,2022,2022-11-07,,,,,,Reggo ,,Lojora PHCU,South Sudan,Terekeka,,,CES Timbédra (Moughataa),,19,0,47,0,,0,0,0,0,0,0,0,0,0,0,0,0,0,0,0,0,0,0,0,0,0,0,0,0,0,0,0,0,0,0,0,0,0,0,0,0,0,0,0,0,9,0,43,0,0,0,,,0,0,0,0,0,0,0,0,0,0,0,0,0,0,0,0,0,0,0,0,0,0,0,0,0,0,0,0,,NO,,NO,,NO,,
365f8727-4ab9-43ac-9976-857cfd4ea3ab,Pochalla PHCC,Site,Eld91GNCApn,,2022-11-06,45,2022,2022-11-07,,,,,,Pochalla,,Pochalla PHCC,South Sudan,Pochalla,,,Jonglei,,71,0,82,0,,0,0,0,0,3,0,4,0,2,0,2,0,0,0,0,0,0,0,0,0,0,0,0,0,0,0,0,0,0,0,0,0,0,0,0,0,31,0,40,0,35,0,36,0,0,0,,,0,0,0,0,0,0,0,0,0,0,0,0,0,0,0,0,0,0,0,0,0,0,0,0,0,0,0,0,,NO,,NO,,NO,,
39fd129a-cfee-4dc2-84c9-75c5716954c9,Otallo PHCU,Site,mc1vHeY1hM7,,2022-11-06,45,2022,2022-11-07,,,,,,Adongo,,Otallo PHCU,South Sudan,Pochalla,,,Jonglei,,34,0,42,0,,0,0,0,0,0,0,5,0,0,0,1,0,0,0,0,0,0,0,0,0,0,0,0,0,0,0,0,0,0,0,0,0,0,0,0,0,18,0,20,0,15,0,17,0,0,0,,,0,0,0,0,0,0,0,0,0,0,0,0,0,0,0,0,0,0,0,0,0,0,0,0,0,0,0,0,,NO,,NO,,NO,,
aec945b4-7336-4a97-b4be-611caeaa9401,Kupera PHCU,Site,PugKJSsYaOF,,2022-11-06,45,2022,2022-11-07,,,,,,Kupera,,Kupera PHCU,South Sudan,Lainya,,,CES Timbédra (Moughataa),,28,0,66,0,,0,0,0,0,0,0,0,0,0,0,0,0,0,0,0,0,0,0,0,0,0,0,0,0,0,0,0,0,0,0,0,0,0,0,0,0,6,0,17,0,6,0,23,0,0,0,,,0,0,0,0,0,0,0,0,0,0,0,0,0,0,0,0,0,0,0,0,0,0,0,0,0,0,0,0,,NO,,NO,,NO,,
75cc66ef-f936-433b-92a1-ffead1d1baa8,Obudi PHCU,Site,SS00129S,,2022-11-06,45,2022,2022-11-07,,,,,,Pochalla,,Obudi PHCU,South Sudan,Pochalla,,,Jonglei,,52,0,57,0,,0,0,0,0,10,0,9,0,2,0,5,0,0,0,0,0,0,0,0,0,0,0,0,0,0,0,0,0,0,0,0,0,0,0,0,0,15,0,18,0,16,0,20,0,0,0,,,0,0,0,0,0,0,0,0,0,0,0,0,0,0,0,0,0,0,0,0,0,0,0,0,0,0,0,0,,NO,,NO,,NO,,
f48fe5c9-2152-47e6-8d1d-6c2082f6ee6f,PANYANA PHCU,Site,PANYANA _PHCU,,2022-11-06,45,2022,2022-11-07,,,,,,Lujule,,PANYANA PHCU,South Sudan,Morobo,,,CES Timbédra (Moughataa),,13,0,44,0,,0,0,0,0,2,0,1,0,0,0,0,0,0,0,0,0,0,0,0,0,0,0,0,0,0,0,0,0,0,0,0,0,0,0,0,0,7,0,13,0,8,0,26,0,0,0,,,0,0,0,0,2,0,3,0,0,0,0,0,0,0,3,0,0,0,0,0,0,0,0,0,0,0,0,0,,NO,,NO,,NO,,
a1e550d3-1d01-45be-a184-636a2071430f,Ginyabio PHCU,Site,i0h0USzNXoA,,2022-11-06,45,2022,2022-11-07,,,,,,Kupera,,Ginyabio PHCU,South Sudan,Lainya,,,CES Timbédra (Moughataa),,6,0,9,0,,0,0,0,0,0,0,2,0,0,0,0,0,0,0,0,0,0,0,0,0,0,0,0,0,0,0,0,0,0,0,0,0,0,0,0,0,0,0,0,0,4,0,4,0,0,0,,,0,0,0,0,0,0,0,0,0,0,0,0,0,0,0,0,2,0,3,0,0,0,0,0,0,0,0,0,,NO,,NO,,NO,,
11b7d625-a495-4802-85be-15598fb9cefd,AlelthonyPHCU,Site,Alelthony_K,,2022-11-06,45,2022,2022-11-07,,,,,,Kangi,,AlelthonyPHCU,South Sudan,Jur River,,,WBGZ,,15,0,23,0,,0,0,0,0,3,0,5,0,0,0,1,0,0,0,0,0,0,0,0,0,0,0,0,0,0,0,0,0,0,0,0,0,0,0,0,0,0,0,0,0,8,0,11,0,0,0,,,0,0,0,0,0,0,0,0,0,0,0,0,0,0,0,0,0,0,0,0,0,0,0,0,0,0,0,0,,NO,,NO,,NO,,
f1f47217-23f0-4503-a769-8d66a6b9d291,Juaibor PHCC,Site,FOlQkO84SPy,,2022-11-06,45,2022,2022-11-07,,,,,,Manajang,,Juaibor PHCC,South Sudan,Fangak,,,Jonglei,,84,0,176,0,,0,0,0,0,26,0,0,0,0,0,0,0,0,0,0,0,0,0,0,0,0,0,0,0,0,0,0,0,0,0,0,0,0,0,0,0,27,0,31,0,40,0,78,0,0,0,,,0,0,0,0,16,0,22,0,0,0,0,0,10,0,15,0,40,0,70,0,0,0,0,0,0,0,0,0,,NO,,NO,,NO,,
c7bb2929-03ab-4c19-86b8-d106548c9c40,HFO Payak Mobile clinic,Site,Pay_S,,2022-11-06,45,2022,2022-11-07,,,,,,Leer ,,HFO Payak Mobile clinic,South Sudan,Leer,,,Unity,,152,0,171,0,,0,0,0,0,15,0,10,0,1,0,3,0,0,0,0,0,0,0,0,0,0,0,0,0,0,0,0,0,0,0,0,0,0,0,0,0,28,0,29,0,80,0,96,0,0,0,,,0,0,0,0,8,0,3,0,0,0,0,0,5,0,7,0,33,0,58,0,0,0,0,0,0,0,0,0,,NO,,NO,,NO,,
b1830a7c-6c2d-4712-9024-288286bf9ab4,HFO Kaigai Mobile Clinic,Site,Kai_S,,2022-11-06,45,2022,2022-11-07,,,,,,Pilieny,,HFO Kaigai Mobile Clinic,South Sudan,Leer,,,Unity,,183,0,225,0,,0,0,0,0,18,0,21,0,0,0,8,0,0,0,0,0,0,0,0,0,0,0,0,0,0,0,0,0,0,0,0,0,0,0,0,0,63,0,71,0,51,0,47,0,0,0,,,0,0,0,0,9,0,11,0,0,0,0,0,7,0,13,0,35,0,54,0,0,0,0,0,0,0,0,0,,NO,,NO,,NO,,
30389e9b-1c13-4c4c-85f1-938ef0da7ed2,Kenyi PHCU,Site,wwREoqUiHsj,,2022-11-06,45,2022,2022-11-07,,,,,,Kenyi,,Kenyi PHCU,South Sudan,Lainya,,,CES Timbédra (Moughataa),,11,0,29,0,,0,0,0,0,1,0,2,0,0,0,0,0,0,0,0,0,0,0,0,0,0,0,0,0,0,0,0,0,0,0,0,0,0,0,0,0,0,0,0,0,7,0,16,0,0,0,,,0,0,0,0,0,0,0,0,0,0,0,0,0,0,0,0,0,0,0,0,0,0,0,0,0,0,0,0,,NO,,NO,,NO,,
8c36183f-4084-4e62-a4e4-9bbe98c3b9f9,UNH Karaprap  PHCU,Site,Karaprap_phcu,,2022-11-06,45,2022,2022-11-07,,,,,,Gumuruk Centre,,UNH Karaprap  PHCU,South Sudan,Pibor,,,Jonglei,,661,0,678,0,,0,0,0,0,94,0,96,0,0,0,0,0,0,0,0,0,0,0,0,0,0,0,0,0,0,0,0,0,0,0,0,0,0,0,0,0,153,0,124,0,212,0,203,0,0,0,,,0,0,0,0,16,0,20,0,0,0,0,0,0,0,6,0,22,0,189,0,0,0,0,0,0,0,0,0,,NO,,NO,,NO,,
7e29d70a-e21d-4f0b-acfd-0f0b412994f3,Nyium PHCU,Site,FlHdv5w4SiO,,2022-11-06,45,2022,2022-11-07,,,,,,Burator,,Nyium PHCU,South Sudan,Pochalla,,,Jonglei,,36,0,41,0,,0,0,0,0,2,0,3,0,1,0,2,0,0,0,0,0,0,0,0,0,0,0,0,0,0,0,0,0,0,0,0,0,0,0,0,0,15,0,17,0,19,0,10,0,0,0,,,0,0,0,0,0,0,0,0,0,0,0,0,0,0,0,0,0,0,0,0,0,0,0,0,0,0,0,0,,NO,,NO,,NO,,
b34b57fd-1439-458e-b1c3-b21d3874ff80,Pulita PHCU,Site,VLpL4GtI6hb,,2022-11-06,45,2022,2022-11-07,,,,,,Pulita,,Pulita PHCU,South Sudan,Fangak,,,Jonglei,,67,0,117,0,,0,0,0,0,10,0,1,0,0,0,0,0,0,0,0,0,0,0,0,0,0,0,0,0,0,0,0,0,0,0,0,0,0,0,0,0,20,0,28,0,24,0,36,0,0,0,,,0,0,0,0,0,0,0,0,0,0,0,0,0,0,1,0,13,0,51,0,0,0,0,0,0,0,0,0,,NO,,NO,,NO,,
40f6ba4a-fbaf-4182-83f6-152d0456f500,UNH Bebuzen  PHCU,Site,Bebuzen_phcu,,2022-11-06,45,2022,2022-11-07,,,,,,Lekuangole,,UNH Bebuzen  PHCU,South Sudan,Pibor,,,Jonglei,,656,0,683,0,,0,0,0,0,71,0,98,0,0,0,0,0,0,0,0,0,0,0,0,0,0,0,0,0,0,0,0,0,0,0,0,0,0,0,0,0,138,0,123,0,203,0,202,0,0,0,,,0,0,0,0,23,0,26,0,0,0,0,0,2,0,7,0,30,0,184,0,0,0,0,0,0,0,0,0,,NO,,NO,,NO,,
cc0739a1-a5eb-424c-b745-bec55593bde8,Lire PHCC,Site,B1ZxnxQ13Xu,,2022-11-06,45,2022,2022-11-07,,,,,,Lire,,Lire PHCC,South Sudan,Kajo Keji,,,CES Timbédra (Moughataa),,14,0,77,0,,0,0,0,0,2,0,0,0,0,0,0,0,0,0,0,0,0,0,0,0,0,0,0,0,0,0,0,0,0,0,0,0,0,0,0,0,0,0,0,0,11,0,40,0,0,0,,,0,0,0,0,2,0,0,0,0,0,0,0,0,0,0,0,0,0,0,0,0,0,0,0,0,0,0,0,,NO,,NO,,NO,,
aed6d388-981f-4f3c-a279-ded5070730ef,Kaya PHCC,Site,DXQKspr43kS,,2022-11-06,45,2022,2022-11-07,,,,,,Kimba,,Kaya PHCC,South Sudan,Morobo,,,CES Timbédra (Moughataa),,121,0,222,0,,0,0,0,0,5,0,0,0,0,0,0,0,0,0,0,0,0,0,0,0,0,0,0,0,0,0,1,0,0,0,0,0,0,0,0,0,0,0,0,0,79,0,145,0,0,0,,,0,0,0,0,3,0,2,0,0,0,0,0,0,0,0,0,0,0,0,0,0,0,0,0,0,0,0,0,,NO,,NO,,NO,,
eb4a1606-d349-4f07-9649-788ea152d3b3,Lokidele PHCU,Site,nsqzsCQ6S8i,,2022-11-06,45,2022,2022-11-07,,,,,,Komiri,,Lokidele PHCU,South Sudan,Budi,,,EES,,17,0,28,0,,0,0,0,0,0,0,0,0,0,0,0,0,0,0,0,0,0,0,0,0,0,0,0,0,0,0,0,0,0,0,0,0,0,0,0,0,0,0,0,0,16,0,27,0,0,0,,,0,0,0,0,0,0,0,0,0,0,0,0,0,0,0,0,0,0,0,0,0,0,0,0,0,0,0,0,,NO,,NO,,NO,,
37d1ffc4-2c9c-4c3c-aa33-61c833d67e4a,Khiir PHCU,Site,abRBI8F8a3d,,2022-11-06,45,2022,2022-11-07,,,,,,Lith,,Khiir PHCU,South Sudan,Twic East,,,Jonglei,,9,0,44,0,,0,0,0,0,1,0,2,0,0,0,0,0,0,0,0,0,0,0,0,0,0,0,0,0,0,0,0,0,0,0,0,0,0,0,0,0,4,0,5,0,3,0,15,0,0,0,,,0,0,0,0,0,0,0,0,0,0,0,0,0,0,0,0,0,0,0,0,0,0,0,0,0,0,0,0,,NO,,NO,,NO,,
b40bebee-07be-4b48-9add-904aaf0d7118,Dong PHCU,Site,er70vZiZ2tE,,2022-11-06,45,2022,2022-11-07,,,,,,Lith,,Dong PHCU,South Sudan,Twic East,,,Jonglei,,0,0,0,0,,0,0,0,0,0,0,0,0,0,0,0,0,0,0,0,0,0,0,0,0,0,0,0,0,0,0,0,0,0,0,0,0,0,0,0,0,0,0,0,0,0,0,0,0,0,0,,,0,0,0,0,0,0,0,0,0,0,0,0,0,0,0,0,0,0,0,0,0,0,0,0,0,0,0,0,,NO,,NO,,NO,,
8762867a-d324-445f-a138-47464b6313d6,Mogiri PHCU,Site,pcHOfgt8GoW,,2022-11-06,45,2022,2022-11-07,,,,,,Lire,,Mogiri PHCU,South Sudan,Kajo Keji,,,CES Timbédra (Moughataa),,4,0,27,0,,0,0,0,0,0,0,0,0,0,0,0,0,0,0,0,0,0,0,0,0,0,0,0,0,0,0,0,0,0,0,0,0,0,0,0,0,0,0,0,0,0,0,17,0,0,0,,,0,0,0,0,1,0,3,0,0,0,0,0,0,0,0,0,0,0,0,0,0,0,0,0,0,0,0,0,,NO,,NO,,NO,,
566e7ad0-4edc-4eb4-ad94-435dbe15f6b9,Doma PHCU,Site,eMYPDAX1PCA,,2022-11-06,45,2022,2022-11-07,,,,,,Doma,,Doma PHCU,South Sudan,Ulang,,,Upper Nile,,33,0,56,0,,0,0,0,0,2,0,0,0,4,0,0,0,0,0,0,0,0,0,0,0,0,0,0,0,0,0,0,0,0,0,0,0,0,0,0,0,25,0,36,0,2,0,20,0,0,0,,,0,0,0,0,0,0,0,0,0,0,0,0,0,0,0,0,0,0,0,0,0,0,0,0,0,0,0,0,,NO,,NO,,NO,,
1914658f-3ac1-49c2-9d6f-25c3070a4f24,Akop PHCC,Site,SS01350S,,2022-11-06,45,2022,2022-11-07,,,,,,Akop,,Akop PHCC,South Sudan,Tonj North,,,Warrap,,115,0,126,0,,0,0,0,0,26,0,3,0,0,0,1,0,0,0,0,0,0,0,0,0,0,0,0,0,0,0,0,0,0,0,0,0,0,0,0,0,0,0,0,0,57,0,79,0,0,0,,,0,0,0,0,0,0,0,0,0,0,0,0,0,0,0,0,0,0,0,0,0,0,0,0,0,0,0,0,,NO,,NO,,NO,,
d9b0db22-4a88-4ada-a185-ee009c86c165,Aburoc PHCC,Site,Aburoc_hf,,2022-11-06,45,2022,2022-11-07,,,,,,Detwok,,Aburoc PHCC,South Sudan,Fashoda,,,Upper Nile,,22,0,66,0,,0,0,0,0,2,0,1,0,0,0,1,0,0,0,0,0,0,0,0,0,0,0,0,0,0,0,0,0,0,0,0,0,0,0,0,0,22,0,42,0,8,0,42,0,0,0,,,0,0,0,0,0,0,0,0,0,0,0,0,0,0,0,0,0,0,0,0,0,0,0,0,0,0,0,0,,NO,,NO,,NO,,
5fc3854a-8ee5-43b3-afda-baa9b53b0f1b,Maar PHCC,Site,MKe4Dklgfll,,2022-11-06,45,2022,2022-11-07,,,,,,Pakeer,,Maar PHCC,South Sudan,Twic East,,,Jonglei,,0,0,0,0,,0,0,0,0,0,0,0,0,0,0,0,0,0,0,0,0,0,0,0,0,0,0,0,0,0,0,0,0,0,0,0,0,0,0,0,0,0,0,0,0,0,0,0,0,0,0,,,0,0,0,0,0,0,0,0,0,0,0,0,0,0,0,0,0,0,0,0,0,0,0,0,0,0,0,0,,NO,,NO,,NO,,
f36b481d-f683-4be2-8242-7963f93669ee,Athiengpuol PHCU,Site,Athi_s,,2022-11-06,45,2022,2022-11-07,,,,,,Akop,,Athiengpuol PHCU,South Sudan,Tonj North,,,Warrap,,49,0,73,0,,0,0,0,0,5,0,0,0,0,0,0,0,0,0,0,0,0,0,0,0,0,0,0,0,0,0,0,0,0,0,0,0,0,0,0,0,0,0,0,0,27,0,52,0,0,0,,,0,0,0,0,0,0,0,0,0,0,0,0,0,0,0,0,0,0,0,0,0,0,0,0,0,0,0,0,,NO,,NO,,NO,,
d495a683-a487-4ed8-b704-5ba82618bb0c,Maluok PHCU,Site,mfP9gyQqCTT,,2022-11-06,45,2022,2022-11-07,,,,,,Kol,,Maluok PHCU,South Sudan,Panyijiar,,,Unity,,36,0,41,0,,0,0,0,0,6,0,4,0,1,0,2,0,0,0,0,0,0,0,0,0,0,0,0,0,0,0,0,0,0,0,0,0,0,0,0,0,12,0,7,0,15,0,19,0,0,0,,,0,0,0,0,0,0,0,0,0,0,0,,0,0,0,0,0,0,0,0,0,0,0,0,0,0,0,0,,NO,,NO,,NO,,
9305b942-d511-4990-ab7e-a6254dbd4814,Keew PHCC,Site,Bmkq76MEp4z,,2022-11-06,45,2022,2022-11-07,,,,,,Pulita,,Keew PHCC,South Sudan,Fangak,,,Jonglei,,150,0,146,0,,0,0,0,0,26,0,13,0,1,0,0,0,0,0,0,0,0,0,0,0,0,0,0,0,0,0,0,0,0,0,0,0,0,0,0,0,40,0,53,0,39,0,30,0,0,0,,,0,0,0,0,11,0,1,0,0,0,0,0,9,0,3,0,22,0,46,0,0,0,0,0,0,0,0,0,,NO,,NO,,NO,,
bb7872b5-1a96-4c70-a45f-d49e7b24a367,Saregoro PHCU,Site,Z6g2W3RcVzN,,2022-11-06,45,2022,2022-11-07,,,,,,Kangapo 1,,Saregoro PHCU,South Sudan,Kajo Keji,,,CES Timbédra (Moughataa),,6,0,31,0,,0,0,0,0,1,0,0,0,0,0,0,0,0,0,0,0,0,0,0,0,0,0,0,0,0,0,0,0,0,0,0,0,0,0,0,0,0,0,0,0,3,0,15,0,0,0,,,0,0,0,0,0,0,4,0,0,0,0,0,0,0,0,0,0,0,0,0,0,0,0,0,0,0,0,0,,NO,,NO,,NO,,
250bfed8-549b-450a-950f-0371e74042cd,Patiou PHCC,Site,xWJOQfOE2JE,,2022-11-06,45,2022,2022-11-07,,,,,,Pakeer,,Patiou PHCC,South Sudan,Twic East,,,Jonglei,,0,0,0,0,,0,0,0,0,0,0,0,0,0,0,0,0,0,0,0,0,0,0,0,0,0,0,0,0,0,0,0,0,0,0,0,0,0,0,0,0,0,0,0,0,0,0,0,0,0,0,,,0,0,0,0,0,0,0,0,0,0,0,0,0,0,0,0,0,0,0,0,0,0,0,0,0,0,0,0,,NO,,NO,,NO,,
a9aeae36-275a-43a2-9605-700c1bab1a00,Alabek PHCC,Site,SS01352S,,2022-11-06,45,2022,2022-11-07,,,,,,Alabek,,Alabek PHCC,South Sudan,Tonj North,,,Warrap,,122,0,107,0,,0,0,0,0,27,0,6,0,1,0,2,0,0,0,0,0,0,0,0,0,0,0,0,0,0,0,0,0,0,0,0,0,0,0,0,0,0,0,0,0,104,0,101,0,0,0,,,0,0,0,0,0,0,0,0,0,0,0,0,0,0,0,0,0,0,0,0,0,0,0,0,0,0,0,0,,NO,,NO,,NO,,
26fd22de-5477-49b5-ae33-ab93fc6707e3,Morobo phcc,Site,uzjysTMLSxl,,2022-11-06,45,2022,2022-11-07,,,,,,Gulumbi,,Morobo phcc,South Sudan,Morobo,,,CES Timbédra (Moughataa),,85,0,261,0,,0,0,0,0,1,0,1,0,0,0,0,0,0,0,0,0,0,0,0,0,0,0,0,0,0,0,0,0,0,0,0,0,0,0,0,0,0,0,0,0,44,0,129,0,0,0,,,0,0,0,0,6,0,8,0,0,0,0,0,0,0,0,0,0,0,0,0,0,0,0,0,0,0,0,0,,NO,,NO,,NO,,
9247def9-dc84-46e5-9c08-7d067c487ee6,Aliek PHCC,Site,H3MZblF6T8s,,2022-11-06,45,2022,2022-11-07,,,,,,Aliek,,Aliek PHCC,South Sudan,Tonj North,,,Warrap,,81,0,108,0,,0,0,0,0,15,0,3,0,0,0,2,0,0,0,0,0,0,0,0,0,0,0,0,0,0,0,0,0,0,0,0,0,0,0,0,0,0,0,0,0,64,0,85,0,0,0,,,0,0,0,0,0,0,0,0,0,0,0,0,0,0,0,0,0,0,0,0,0,0,0,0,0,0,0,0,,NO,,NO,,NO,,
fb928242-3d82-443f-82d8-ccd4e00bce19,Paliau PHCC,Site,paliau_phcc,,2022-11-06,45,2022,2022-11-07,,,,,,Ajuong,,Paliau PHCC,South Sudan,Twic East,,,Jonglei,,0,0,0,0,,0,0,0,0,0,0,0,0,0,0,0,0,0,0,0,0,0,0,0,0,0,0,0,0,0,0,0,0,0,0,0,0,0,0,0,0,0,0,0,0,0,0,0,0,0,0,,,0,0,0,0,0,0,0,0,0,0,0,0,0,0,0,0,0,0,0,0,0,0,0,0,0,0,0,0,,NO,,NO,,NO,,
5a444da1-935e-498d-a0b6-4d169e14ae78,Kol PHCU,Site,MoSTnKVEZ1X,,2022-11-06,45,2022,2022-11-07,,,,,,Kol,,Kol PHCU,South Sudan,Panyijiar,,,Unity,,70,0,86,0,,0,0,0,0,12,0,7,0,0,0,4,0,0,0,0,0,0,0,0,0,0,0,0,0,0,0,0,0,0,0,0,0,0,0,0,0,15,0,20,0,33,0,35,0,0,0,,,0,0,0,0,9,0,20,0,0,0,0,0,0,0,0,0,0,0,0,0,0,0,0,0,0,0,0,0,,NO,,NO,,NO,,
3c050e64-c11d-4cd1-9c67-d7ac9e560d11,Kongor PHCC,Site,Scmg0SG9fB0,,2022-11-06,45,2022,2022-11-07,,,,,,Kongor,,Kongor PHCC,South Sudan,Twic East,,,Jonglei,,0,0,0,0,,0,0,0,0,0,0,0,0,0,0,0,0,0,0,0,0,0,0,0,0,0,0,0,0,0,0,0,0,0,0,0,0,0,0,0,0,0,0,0,0,0,0,0,0,0,0,,,0,0,0,0,0,0,0,0,0,0,0,0,0,0,0,0,0,0,0,0,0,0,0,0,0,0,0,0,,NO,,NO,,NO,,
8d0b24bb-44d2-4fb0-a5c2-e0e1e52f6218,AporLang PHCU,Site,rlquGk9djSB,,2022-11-06,45,2022,2022-11-07,,,,,,Awul,,AporLang PHCU,South Sudan,Tonj North,,,Warrap,,21,0,20,0,,0,0,0,0,2,0,1,0,0,0,0,0,0,0,0,0,0,0,0,0,0,0,0,0,0,0,0,0,0,0,0,0,0,0,0,0,0,0,0,0,9,0,7,0,0,0,,,0,0,0,0,1,0,0,0,0,0,0,0,0,0,0,0,0,0,0,0,0,0,0,0,0,0,0,0,,NO,,NO,,NO,,
19adacd3-a6ff-4be7-9db6-a0ea5781a899, Malou PHCU,Site,zLWdh1E4LWZ,,2022-11-06,45,2022,2022-11-07,,,,,,Bor Town,, Malou PHCU,South Sudan,Bor,,,Jonglei,,26,0,34,0,,0,0,0,0,8,0,8,0,0,0,2,0,0,0,0,0,0,0,0,0,0,0,0,0,0,0,0,0,0,0,0,0,0,0,0,0,8,0,6,0,12,0,13,0,0,0,,,0,0,0,0,0,0,0,0,0,0,0,0,0,0,0,0,0,0,0,0,0,0,0,0,0,0,0,0,,NO,,NO,,NO,,
21631ac3-8426-49a3-a703-2eb3070fb37d,Logu PHCU,Site,UA4j4MmGS1H,,2022-11-06,45,2022,2022-11-07,,,,,,Kangapo 2,,Logu PHCU,South Sudan,Kajo Keji,,,CES Timbédra (Moughataa),,4,0,20,0,,0,0,0,0,0,0,0,0,0,0,0,0,0,0,0,0,0,0,0,0,0,0,0,0,0,0,0,0,0,0,0,0,0,0,0,0,0,0,0,0,2,0,10,0,0,0,,,0,0,0,0,1,0,4,0,0,0,0,0,0,0,0,0,0,0,0,0,0,0,0,0,0,0,0,0,,NO,,NO,,NO,,
5b3bc709-295a-45c7-9a52-fb694b81f3f5,Rup Board PHCC,Site,xEG2PqoGWkW,,2022-11-06,45,2022,2022-11-07,,,,,,Yomding,,Rup Board PHCC,South Sudan,Ulang,,,Upper Nile,,23,0,100,0,,0,0,0,0,5,0,1,0,1,0,0,0,0,0,0,0,0,0,0,0,0,0,0,0,0,0,0,0,0,0,0,0,0,0,0,0,13,0,10,0,4,0,26,0,0,0,,,0,0,0,0,0,0,0,0,0,0,0,0,0,0,0,0,0,0,0,0,0,0,0,0,0,0,0,0,,NO,,NO,,NO,,
07181a4f-727d-4f21-8663-40d5c020437b,Baping PHCU,Site,r18OaomWj3G,,2022-11-06,45,2022,2022-11-07,,,,,,Nyuak,,Baping PHCU,South Sudan,Twic East,,,Jonglei,,0,0,0,0,,0,0,0,0,0,0,0,0,0,0,0,0,0,0,0,0,0,0,0,0,0,0,0,0,0,0,0,0,0,0,0,0,0,0,0,0,0,0,0,0,0,0,0,0,0,0,,,0,0,0,0,0,0,0,0,0,0,0,0,0,0,0,0,0,0,0,0,0,0,0,0,0,0,0,0,,NO,,NO,,NO,,
929a2ad9-04c6-4897-93f8-6de0aa505dab,Awul PHCU,Site,SS01358S,,2022-11-06,45,2022,2022-11-07,,,,,,Awul,,Awul PHCU,South Sudan,Tonj North,,,Warrap,,29,0,39,0,,0,0,0,0,10,0,2,0,2,0,0,0,0,0,0,0,0,0,0,0,0,0,0,0,0,0,0,0,0,0,0,0,0,0,0,0,0,0,0,0,25,0,15,0,0,0,,,0,0,0,0,0,0,0,0,0,0,0,0,0,0,0,0,0,0,0,0,0,0,0,0,0,0,0,0,,NO,,NO,,NO,,
dcab4ab9-b8ad-41bd-92dc-ae0977244a42,Yambio State Hospital,Site,Kl8l29Akoma,,2022-11-06,45,2022,2022-11-07,,,,,,Yambio Town,,Yambio State Hospital,South Sudan,Yambio,,,WES,,120,0,226,0,,0,0,0,0,0,0,0,0,0,0,0,0,0,0,0,0,0,0,0,0,0,0,0,0,0,0,0,0,0,0,0,0,0,0,0,0,40,0,11,0,87,0,78,0,0,0,,,0,0,0,0,0,0,0,0,0,0,0,0,0,0,0,0,0,0,0,0,0,0,0,0,0,0,0,0,,NO,,NO,,NO,,
93664b3a-16c8-4d94-a388-f0d48bd96e07,Pathiel PHCU,Site,YO8zZaj5Exc,,2022-11-06,45,2022,2022-11-07,,,,,,Kol,,Pathiel PHCU,South Sudan,Panyijiar,,,Unity,,36,0,50,0,,0,0,0,0,3,0,5,0,1,0,2,0,0,0,0,0,0,0,0,0,0,0,0,0,0,0,0,0,0,0,0,0,0,0,0,0,5,0,7,0,17,0,26,0,0,0,,,0,0,0,0,7,0,6,0,0,0,0,0,3,0,2,0,0,0,0,0,0,0,0,0,0,0,0,0,,NO,,NO,,NO,,
b7758619-a546-475e-8880-74acf49bfc72,Jalimo PHCC,Site,KT9nfdklJ6p,,2022-11-06,45,2022,2022-11-07,,,,,,Kangapo 2,,Jalimo PHCC,South Sudan,Kajo Keji,,,CES Timbédra (Moughataa),,60,0,135,0,,0,0,0,0,12,0,5,0,0,0,0,0,0,0,0,0,0,0,0,0,0,0,0,0,0,0,0,0,0,0,0,0,0,0,0,0,0,0,0,0,48,0,103,0,0,0,,,0,0,0,0,7,0,10,0,0,0,0,0,0,0,0,0,0,0,0,0,0,0,0,0,0,0,0,0,,NO,,NO,,NO,,
0366b85f-66cd-4f81-a2d6-f91f56f71916,Pagakdit PHCU,Site,szgFQSlc7bN,,2022-11-06,45,2022,2022-11-07,,,,,,Awul,,Pagakdit PHCU,South Sudan,Tonj North,,,Warrap,,44,0,63,0,,0,0,0,0,3,0,2,0,0,0,0,0,0,0,0,0,0,0,0,0,0,0,0,0,0,0,0,0,0,0,0,0,0,0,0,0,3,0,0,0,27,0,53,0,0,0,,,0,0,0,0,0,0,0,0,0,0,0,0,0,0,0,0,0,0,0,0,0,0,0,0,0,0,0,0,,NO,,NO,,NO,,
32b61147-19a9-4454-8a86-84e42a0831e1,Meer PHCU,Site,BKiMJ548cqG,,2022-11-06,45,2022,2022-11-07,,,,,,Nyandit,,Meer PHCU,South Sudan,Akobo,,,Jonglei,,0,0,0,0,,0,0,0,0,0,0,0,0,0,0,0,0,0,0,0,0,0,0,0,0,0,0,0,0,0,0,0,0,0,0,0,0,0,0,0,0,0,0,0,0,0,0,0,0,0,0,,,0,0,0,0,0,0,0,0,0,0,0,0,0,0,0,0,0,0,0,0,0,0,0,0,0,0,0,0,,NO,,NO,,NO,,
e9e9d331-4151-45f0-b17f-0a824271b28a,Maluak PHCU,Site,fwqoTFgKWn0,,2022-11-06,45,2022,2022-11-07,,,,,,Mayom,,Maluak PHCU,South Sudan,Panyijiar,,,Unity,,43,0,68,0,,0,0,0,0,7,0,9,0,2,0,1,0,0,0,0,0,0,0,0,0,0,0,0,0,0,0,0,0,0,0,0,0,0,0,0,0,18,0,32,0,12,0,19,0,0,0,,,0,0,0,0,4,0,3,0,0,0,0,0,0,0,4,0,0,0,0,0,0,0,0,0,0,0,0,0,,NO,,NO,,NO,,
774affcc-aa14-40ac-8e2c-d1fa14e69ac4,Jalle PHCC,Site,esj324SvCIa,,2022-11-06,45,2022,2022-11-07,,,,,,Jalle,,Jalle PHCC,South Sudan,Bor,,,Jonglei,,30,0,50,0,,0,0,0,0,3,0,5,0,0,0,2,0,0,0,0,0,0,0,0,0,0,0,0,0,0,0,0,0,0,0,0,0,0,0,0,0,10,0,15,0,20,0,30,0,0,0,,,0,0,0,0,0,0,0,0,0,0,0,0,0,0,0,0,0,0,0,0,0,0,0,0,0,0,0,0,,NO,,NO,,NO,,
02076739-bbaa-49db-a2b9-e8a4ed3600e0,Warrap PHCC,Site,SS01361S,,2022-11-06,45,2022,2022-11-07,,,,,,Awul,,Warrap PHCC,South Sudan,Tonj North,,,Warrap,,83,0,249,0,,0,0,0,0,13,0,3,0,0,0,0,0,0,0,0,0,0,0,0,0,0,0,0,0,0,0,0,0,0,0,0,0,0,0,0,0,0,0,0,0,73,0,163,0,0,0,,,0,0,0,0,0,0,0,0,0,0,0,0,0,0,0,0,0,0,0,0,0,0,0,0,0,0,0,0,,NO,,NO,,NO,,
f7314cdf-490e-4a12-bc1b-9dd70b4ff908,CIDO Health Mobile Clinic,Site,CIDO_S,,2022-11-06,45,2022,2022-11-07,,,,,,Bilkey,,CIDO Health Mobile Clinic,South Sudan,Akobo,,,Jonglei,,0,0,0,0,,0,0,0,0,0,0,0,0,0,0,0,0,0,0,0,0,0,0,0,0,0,0,0,0,0,0,0,0,0,0,0,0,0,0,0,0,0,0,0,0,0,0,0,0,0,0,,,0,0,0,0,0,0,0,0,0,0,0,0,0,0,0,0,0,0,0,0,0,0,0,0,0,0,0,0,,NO,,NO,,NO,,
cecf429e-1888-46ab-a180-51d9a650ed5c,Majak Kar PHCC,Site,pRJtRssStgH,,2022-11-06,45,2022,2022-11-07,,,,,,Malual Centre,,Majak Kar PHCC,South Sudan,Aweil North,,,NBGZ,,47,0,81,0,,0,0,0,0,3,0,2,0,0,0,0,0,0,0,0,0,0,0,0,0,0,0,0,0,0,0,0,0,0,0,0,0,0,0,0,0,0,0,0,0,28,0,48,0,0,0,,,0,0,0,0,0,0,0,0,0,0,0,0,0,0,0,0,0,0,0,0,0,0,0,0,0,0,0,0,,NO,,NO,,NO,,
9af6a6c1-ba2c-4a8e-9b04-423f082d07df,Bazongua PHCC,Site,SS00504S,,2022-11-06,45,2022,2022-11-07,,,,,,Bazongua,,Bazongua PHCC,South Sudan,Yambio,,,WES,,104,0,114,0,,0,0,0,0,3,0,1,0,0,0,1,0,0,0,0,0,0,0,0,0,0,0,0,0,0,0,0,0,0,0,0,0,0,0,0,0,0,0,0,0,67,0,59,0,0,0,,,0,0,0,0,0,0,0,0,0,0,0,0,0,0,0,0,0,0,0,0,0,0,0,0,0,0,0,0,,NO,,NO,,NO,,
c126788d-d3fe-4dc9-a2ce-a10f12ad5e82,Panyagor PHCC,Site,panyagor_phcc,,2022-11-06,45,2022,2022-11-07,,,,,,Kongor,,Panyagor PHCC,South Sudan,Twic East,,,Jonglei,,91,0,277,1,,0,0,0,0,0,0,4,0,0,0,0,0,0,0,0,0,0,0,0,0,0,0,0,0,0,0,0,0,0,0,0,0,0,0,0,0,37,0,31,0,49,0,180,0,0,0,,,0,0,0,0,0,0,0,0,0,0,0,0,0,0,0,0,0,0,0,0,0,0,0,0,0,0,0,0,,NO,,NO,,NO,,
e08a5d5c-e1ef-44c2-b2b5-488d3fe6135d,Bori PHCC,Site,Bori_phcc,,2022-11-06,45,2022,2022-11-07,,,,,,Kangapo 1,,Bori PHCC,South Sudan,Kajo Keji,,,CES Timbédra (Moughataa),,8,0,20,0,,0,0,0,0,0,0,0,0,0,0,0,0,0,0,0,0,0,0,0,0,0,0,0,0,0,0,0,0,0,0,0,0,0,0,0,0,0,0,0,0,5,0,16,0,0,0,,,0,0,0,0,1,0,0,0,0,0,0,0,0,0,0,0,0,0,0,0,0,0,0,0,0,0,0,0,,NO,,NO,,NO,,
3e1f6da1-2c46-43a4-8ca9-9f82cd8dd478,Bandalla PHCU,Site,Bandalla_N,,2022-11-06,45,2022,2022-11-07,,,,,,Namutina,,Bandalla PHCU,South Sudan,Nagero,,,WES,,25,0,35,0,,0,0,0,0,5,0,4,0,0,0,1,0,0,0,0,0,0,0,0,0,0,0,0,0,0,0,0,0,0,0,0,0,0,0,0,0,0,0,0,0,7,0,7,0,0,0,,,0,0,0,0,0,0,0,0,0,0,0,0,0,0,0,0,0,0,0,0,0,0,0,0,0,0,0,0,,NO,,NO,,NO,,
e0cc0ba8-442d-4f9a-90ad-35eb876c3c7e, Awol-nhom PHCU,Site, Awol-nhom_Abyei,,2022-11-06,45,2022,2022-11-07,,,,,,Alal,, Awol-nhom PHCU,South Sudan,Abyei,,,Warrap,,45,0,139,0,,0,0,0,0,6,0,6,0,0,0,6,0,0,0,0,0,0,0,0,0,0,0,0,0,0,0,0,0,0,0,0,0,0,0,0,0,21,0,27,0,16,0,76,0,0,0,,,0,0,0,0,1,0,1,0,0,0,0,0,0,0,9,0,0,0,0,0,0,0,0,0,0,0,0,0,,NO,,NO,,NO,,
8df40139-8a97-47b3-b63e-63a634e9ba83,Kirrik PHCU,Site,rbZBl5Hxa1J,,2022-11-06,45,2022,2022-11-07,,,,,,Kirrik,,Kirrik PHCU,South Sudan,Tonj North,,,Warrap,,41,0,24,0,,0,0,0,0,8,0,0,0,0,0,0,0,0,0,0,0,0,0,0,0,0,0,0,0,0,0,0,0,0,0,0,0,0,0,0,0,0,0,0,0,23,0,11,0,0,0,,,0,0,0,0,0,0,2,0,0,0,0,0,0,0,3,0,0,0,0,0,0,0,0,0,0,0,0,0,,NO,,NO,,NO,,
6ef1b8de-10fe-4d81-b5d9-b963c8f12827,Warapei PHCC,Site,oDstxaoYPb5,,2022-11-06,45,2022,2022-11-07,,,,,,Malual East,,Warapei PHCC,South Sudan,Aweil North,,,NBGZ,,79,0,89,0,,0,0,0,0,3,0,0,0,0,0,0,0,0,0,0,0,0,0,0,0,0,0,0,0,0,0,0,0,0,0,0,0,0,0,0,0,0,0,0,0,46,0,55,0,0,0,,,0,0,0,0,0,0,0,0,0,0,0,0,0,0,0,0,0,0,0,0,0,0,0,0,0,0,0,0,,NO,,NO,,NO,,
d1adfeab-7b56-45bd-b5c7-b43af2e2f22c,Kuich PHCU,Site,SS00961S,,2022-11-06,45,2022,2022-11-07,,,,,,Kurmuot,,Kuich PHCU,South Sudan,Ulang,,,Upper Nile,,27,0,37,0,,0,0,0,0,3,0,2,0,0,0,0,0,0,0,0,0,0,0,0,0,0,0,0,0,0,0,0,0,0,0,0,0,0,0,0,0,7,0,4,0,4,0,18,0,0,0,,,0,0,0,0,0,0,0,0,0,0,0,0,0,0,0,0,0,0,0,0,0,0,0,0,0,0,0,0,,NO,,NO,,NO,,
1a837705-ebaf-4e54-8315-70fbb0f0552f,PanKot PHCU,Site,cTvRyidgzMz,,2022-11-06,45,2022,2022-11-07,,,,,,Man-loor,,PanKot PHCU,South Sudan,Tonj North,,,Warrap,,60,0,36,0,,0,0,0,0,9,0,0,0,0,0,0,0,0,0,0,0,0,0,0,0,0,0,0,0,0,0,0,0,0,0,0,0,0,0,0,0,0,0,0,0,39,0,22,0,0,0,,,0,0,0,0,0,0,0,0,0,0,0,0,0,0,2,0,0,0,0,0,0,0,0,0,0,0,0,0,,NO,,NO,,NO,,
70dd87db-114c-48f9-8642-38d16ee6b4b0,Anyidi PHCC,Site,z2eqxz7PLcm,,2022-11-06,45,2022,2022-11-07,,,,,,Anyidi,,Anyidi PHCC,South Sudan,Bor,,,Jonglei,,57,0,124,0,,0,0,0,0,7,0,2,0,1,0,4,0,1,0,0,0,0,0,0,0,0,0,0,0,0,0,0,0,0,0,0,0,0,0,0,0,34,0,32,0,29,0,80,0,0,0,,,0,0,0,0,0,0,0,0,0,0,0,0,0,0,0,0,0,0,0,0,0,0,0,0,0,0,0,0,,NO,,NO,,NO,,
b7a876d4-50e7-4b06-b02e-04e190da6093, Wangulei PHCC,Site,wangulei_phcc,,2022-11-06,45,2022,2022-11-07,,,,,,Nyuak,, Wangulei PHCC,South Sudan,Twic East,,,Jonglei,,16,0,41,0,,0,0,0,0,1,0,4,0,0,0,0,0,0,0,0,0,0,0,0,0,0,0,0,0,0,0,0,0,0,0,0,0,0,0,0,0,0,0,0,0,0,0,0,0,0,0,,,0,0,0,0,0,0,0,0,0,0,0,0,0,0,0,0,0,0,0,0,0,0,0,0,0,0,0,0,,NO,,NO,,NO,,
985cc27d-d605-4757-af5d-aed1b170f5d7,SSHCO Mobile Clinics ,Site,SSHCO _Mobile ,,2022-11-06,45,2022,2022-11-07,,,,,,Mangala,,SSHCO Mobile Clinics ,South Sudan,Juba,,,CES Timbédra (Moughataa),,40,0,113,0,,0,0,0,0,3,0,2,0,0,0,0,0,0,0,0,0,0,0,0,0,0,0,0,0,0,0,0,0,0,0,0,0,0,0,0,0,8,0,25,0,24,0,72,0,0,0,,,0,0,0,0,3,0,5,0,0,0,0,0,0,0,1,0,2,0,8,0,0,0,0,0,0,0,0,0,,NO,,NO,,NO,,
adb59aee-685c-48c1-a547-2e93c1b7177e,Sera Jale PHCU,Site,nKl639BKE9G,,2022-11-06,45,2022,2022-11-07,,,,,,Kangapo 1,,Sera Jale PHCU,South Sudan,Kajo Keji,,,CES Timbédra (Moughataa),,8,0,20,0,,0,0,0,0,0,0,0,0,0,0,0,0,0,0,0,0,0,0,0,0,0,0,0,0,0,0,0,0,0,0,0,0,0,0,0,0,0,0,0,0,6,0,12,0,0,0,,,0,0,0,0,0,0,0,0,0,0,0,0,0,0,0,0,0,0,0,0,0,0,0,0,0,0,0,0,,NO,,NO,,NO,,
08100c2c-c09b-43d6-a82e-425b3c8fab95,Parasika PHCU,Site,SS01367S,,2022-11-06,45,2022,2022-11-07,,,,,,Man-loor,,Parasika PHCU,South Sudan,Tonj North,,,Warrap,,25,0,67,0,,0,0,0,0,5,0,3,0,0,0,0,0,0,0,0,0,0,0,0,0,0,0,0,0,0,0,0,0,0,0,0,0,0,0,0,0,0,0,0,0,14,0,30,0,0,0,,,0,0,0,0,0,0,1,0,0,0,0,0,0,0,1,0,0,0,0,0,0,0,0,0,0,0,0,0,,NO,,NO,,NO,,
7f9a7969-e8bd-4054-925a-6755f57d0ffc,Lurcuk PHCU,Site,SS01369S,,2022-11-06,45,2022,2022-11-07,,,,,,Pagol,,Lurcuk PHCU,South Sudan,Tonj North,,,Warrap,,47,0,48,0,,0,0,0,0,5,0,1,0,0,0,0,0,0,0,0,0,0,0,0,0,0,0,0,0,0,0,0,0,0,0,0,0,0,0,0,0,0,0,0,0,37,0,30,0,0,0,,,0,0,0,0,4,0,3,0,0,0,0,0,0,0,3,0,0,0,0,0,0,0,0,0,0,0,0,0,,NO,,NO,,NO,,
d3dfcbf5-8e8e-40b1-9232-f47a0a6f7396,Dura PHCU,Site,CKURGrJCb3r,,2022-11-06,45,2022,2022-11-07,,,,,,Ulang,,Dura PHCU,South Sudan,Ulang,,,Upper Nile,,32,0,40,0,,0,0,0,0,5,0,3,0,0,0,7,0,0,0,0,0,0,0,0,0,0,0,0,0,0,0,0,0,0,0,0,0,0,0,0,0,14,0,17,0,13,0,13,0,0,0,,,0,0,0,0,0,0,0,0,0,0,0,0,0,0,0,0,0,0,0,0,0,0,0,0,0,0,0,0,,NO,,NO,,NO,,
7ef0ea27-9eb0-4f8d-8894-e26050a71594,Malual Deng Aruom PHCU,Site,qcMY5ZfIceL,,2022-11-06,45,2022,2022-11-07,,,,,,Malual East,,Malual Deng Aruom PHCU,South Sudan,Aweil North,,,NBGZ,,16,0,32,0,,0,0,0,0,0,0,0,0,0,0,0,0,0,0,0,0,0,0,0,0,0,0,0,0,0,0,0,0,0,0,0,0,0,0,0,0,0,0,0,0,6,0,18,0,0,0,,,0,0,0,0,0,0,0,0,0,0,0,0,0,0,0,0,0,0,0,0,0,0,0,0,0,0,0,0,,NO,,NO,,NO,,
3bb546b3-1d19-4b1b-9b43-2d025d8e4ba8,Nagero PHCC,Site,ZrmgmesWdQp,,2022-11-06,45,2022,2022-11-07,,,,,,Nagero,,Nagero PHCC,South Sudan,Nagero,,,WES,,40,0,35,0,,0,0,0,0,9,0,1,0,0,0,0,0,0,0,0,0,0,0,0,0,0,0,0,0,0,0,0,0,0,0,0,0,0,0,0,0,17,0,18,0,11,0,7,0,0,0,,,0,0,0,0,0,0,0,0,0,0,0,0,0,0,0,0,0,0,0,0,0,0,0,0,0,0,0,0,,NO,,NO,,NO,,
4af0ab1f-4fbe-4942-9f1a-9026a976ffa9,Kol-merek PHCU,Site,SS00778S,,2022-11-06,45,2022,2022-11-07,,,,,,Jalle,,Kol-merek PHCU,South Sudan,Bor,,,Jonglei,,34,0,29,0,,0,0,0,0,10,0,8,0,0,0,3,0,0,0,0,0,0,0,0,0,0,0,0,0,0,0,0,0,0,0,0,0,0,0,0,0,9,0,6,0,11,0,7,0,0,0,,,0,0,0,0,0,0,0,0,0,0,0,0,0,0,0,0,0,0,0,0,0,0,0,0,0,0,0,0,,NO,,NO,,NO,,
0be98266-1253-4728-b030-4733f7541a1c,HFO Kaldak PHCU,Site,Kaldak_Pigi,,2022-11-06,45,2022,2022-11-07,,,,,,Kurwai,,HFO Kaldak PHCU,South Sudan,Canal Pigi,,,Jonglei,,97,0,108,0,,0,0,0,0,11,0,16,0,0,0,0,0,0,0,0,0,0,0,0,0,0,0,0,0,0,0,0,0,0,0,0,0,0,0,0,0,17,0,11,0,24,0,34,0,0,0,,,0,0,0,0,7,0,2,0,0,0,0,0,0,0,0,0,67,0,89,0,0,0,0,0,0,0,0,0,,NO,,NO,,NO,,
4b8f6f42-6da9-46aa-9c3b-c211669149f3,Yambio PHCC,Site,mfcgx67KOiG,,2022-11-06,45,2022,2022-11-07,,,,,,Yambio Town,,Yambio PHCC,South Sudan,Yambio,,,WES,,174,0,227,0,,0,0,0,0,20,0,0,0,1,0,1,0,0,0,0,0,0,0,0,0,0,0,0,0,0,0,0,0,0,0,0,0,0,0,0,0,0,0,0,0,116,0,168,0,0,0,,,0,0,0,0,0,0,0,0,0,0,0,0,0,0,0,0,0,0,0,0,0,0,0,0,0,0,0,0,,NO,,NO,,NO,,
39495d0f-18b0-4632-b257-545d89cd03dc,Abuyong PHCU,Site,SS00181S,,2022-11-06,45,2022,2022-11-07,,,,,,Abuyung,,Abuyong PHCU,South Sudan,Awerial,,,Lakes,,24,0,36,0,,0,0,0,0,9,0,5,0,0,0,1,0,0,0,0,0,0,0,0,0,0,0,0,0,0,0,0,0,0,0,0,0,0,0,0,0,5,0,5,0,14,0,30,0,0,0,,,0,0,0,0,0,0,0,0,0,0,0,0,0,0,0,0,0,0,0,0,0,0,0,0,0,0,0,0,,NO,,NO,,NO,,
8d142a87-886a-49c4-926d-aad2684f3db2,Komiri PHCC,Site,crPcGgFFnVk,,2022-11-06,45,2022,2022-11-07,,,,,,Komiri,,Komiri PHCC,South Sudan,Budi,,,EES,,56,0,125,0,,0,0,0,0,0,0,0,0,0,0,0,0,0,0,0,0,0,0,0,0,0,0,0,0,0,0,0,0,0,0,0,0,0,0,0,0,0,0,0,0,40,0,68,0,0,0,,,0,0,0,0,0,0,0,0,0,0,0,0,0,0,0,0,0,0,0,0,0,0,0,0,0,0,0,0,,NO,,NO,,NO,,
eff63332-f049-4b8a-855b-ed956d860b0d,Daniel Comboni Hospital,Site,e23phva0S0A,,2022-11-06,45,2022,2022-11-07,,,,,,Wau South,,Daniel Comboni Hospital,South Sudan,Wau,,,WBGZ,,358,5,923,0,,0,0,0,0,4,0,0,0,0,0,0,0,0,0,0,0,0,0,0,0,0,0,0,0,0,0,0,0,0,0,0,0,0,0,0,0,0,0,0,0,235,1,609,0,0,0,,,0,0,0,0,0,0,0,0,0,0,0,0,0,0,0,0,0,0,0,0,0,0,0,0,0,0,0,0,,NO,,NO,,NO,,
1561b47a-768a-4bc5-9807-6c495cc5b6a0,Gangura PHCC,Site,ZI7b5hizWNL,,2022-11-06,45,2022,2022-11-07,,,,,,Bazongua,,Gangura PHCC,South Sudan,Yambio,,,WES,,70,0,79,0,,0,0,0,0,3,0,1,0,0,0,1,0,0,0,0,0,0,0,0,0,0,0,0,0,0,0,0,0,0,0,0,0,0,0,0,0,0,0,0,0,49,0,39,0,0,0,,,0,0,0,0,0,0,0,0,0,0,0,0,0,0,0,0,0,0,0,0,0,0,0,0,0,0,0,0,,NO,,NO,,NO,,
a405cad3-d92f-4ee3-8865-578dfe7f61fe,Jak PHCU,Site,PZRbdd0crdE,,2022-11-06,45,2022,2022-11-07,,,,,,Jak,,Jak PHCU,South Sudan,Tonj South,,,Warrap,,16,0,31,0,,0,0,0,0,1,0,1,0,0,0,0,0,0,0,0,0,0,0,0,0,0,0,0,0,0,0,0,0,0,0,0,0,0,0,0,0,0,0,0,0,14,0,25,0,0,0,,,0,0,0,0,0,0,0,0,0,0,0,0,0,0,0,0,0,0,0,0,0,0,0,0,0,0,0,0,,NO,,NO,,NO,,
cd1d91d4-214c-486d-8219-249b1b7f9cff,SP Mirnyal Mobile Clinic,Site,Mirnyal _Mobile,,2022-11-06,45,2022,2022-11-07,,,,,,Mirnyal Payam,,SP Mirnyal Mobile Clinic,South Sudan,Mayendit ,,,Unity,,17,0,46,0,,0,0,0,0,6,0,4,0,0,0,1,0,0,0,0,0,0,0,0,0,0,0,0,0,0,0,0,0,0,0,0,0,0,0,0,0,0,0,0,0,7,0,27,0,0,0,,,0,0,0,0,3,0,7,0,0,0,0,0,1,0,7,0,0,0,0,0,0,0,0,0,0,0,0,0,,NO,,NO,,NO,,
f40eed69-cd15-4a5b-a25a-f7dd96eb435b,Pagol PHCU,Site,Vtff47l1nks,,2022-11-06,45,2022,2022-11-07,,,,,,Pagol,,Pagol PHCU,South Sudan,Tonj North,,,Warrap,,37,0,54,0,,0,0,0,0,1,0,0,0,0,0,0,0,0,0,0,0,0,0,0,0,0,0,0,0,0,0,0,0,0,0,0,0,0,0,0,0,0,0,0,0,31,0,42,0,0,0,,,0,0,0,0,0,0,1,0,0,0,0,0,0,0,0,0,0,0,0,0,0,0,0,0,0,0,0,0,,NO,,NO,,NO,,
8c574ad6-c5fe-4db8-9238-1bd5fb29d53b,Kalthok PHCU,Site,UM0b6bZFTww,,2022-11-06,45,2022,2022-11-07,,,,,,Puluk,,Kalthok PHCU,South Sudan,Awerial,,,Lakes,,51,0,82,0,,0,0,0,0,5,0,0,0,1,0,0,0,0,0,0,0,0,0,0,0,0,0,0,0,0,0,0,0,0,0,0,0,0,0,0,0,22,0,18,0,39,0,68,0,0,0,,,0,0,0,0,8,0,5,0,0,0,0,0,1,0,1,0,0,0,4,0,0,0,0,0,0,0,0,0,,NO,,NO,,NO,,
2c879a3a-8333-44cb-bf29-cde8ed223193,Manyiel Thony PHCU,Site,SS01933S,,2022-11-06,45,2022,2022-11-07,,,,,,Manyang-Ngok,,Manyiel Thony PHCU,South Sudan,Tonj South,,,Warrap,,29,0,27,0,,0,0,0,0,10,0,0,0,0,0,1,0,0,0,0,0,0,0,0,0,0,0,0,0,0,0,0,0,0,0,0,0,0,0,0,0,0,0,0,0,24,0,22,0,0,0,,,0,0,0,0,0,0,0,0,0,0,0,0,0,0,0,0,0,0,0,0,0,0,0,0,0,0,0,0,,NO,,NO,,NO,,
b1335036-46c2-4e51-b5a7-03d9e987d640,St Bakhita PHCC,Site,FiCv14AWWKo,,2022-11-06,45,2022,2022-11-07,,,,,,Yei Town,,St Bakhita PHCC,South Sudan,Yei,,,CES Timbédra (Moughataa),,20,0,70,0,,0,0,0,0,1,0,0,0,0,0,1,0,0,0,0,0,0,0,0,0,0,0,0,0,0,0,0,0,0,0,0,0,0,0,0,0,0,0,0,0,10,0,33,0,0,0,,,0,0,0,0,0,0,0,0,0,0,0,0,0,0,0,0,0,0,0,0,0,0,0,0,0,0,0,0,,NO,,NO,,NO,,
9467f8f4-7795-4313-a4ff-c8bbe6b28f4a,Rualbet PHCU,Site,BIPdEQWSeKv,,2022-11-06,45,2022,2022-11-07,,,,,,Rualbet,,Rualbet PHCU,South Sudan,Tonj North,,,Warrap,,22,0,27,0,,0,0,0,0,2,0,2,0,0,0,0,0,0,0,0,0,0,0,0,0,0,0,0,0,0,0,0,0,0,0,0,0,0,0,0,0,0,0,0,0,20,0,20,0,0,0,,,0,0,0,0,0,0,0,0,0,0,0,0,0,0,0,0,0,0,0,0,0,0,0,0,0,0,0,0,,NO,,NO,,NO,,
26113e1b-b0b5-4c70-a54c-9d96e0cc88da,Panakdit PHCU,Site,QqHz9rA5ATb,,2022-11-06,45,2022,2022-11-07,,,,,,Thiet,,Panakdit PHCU,South Sudan,Tonj South,,,Warrap,,44,0,49,0,,0,0,0,0,4,0,4,0,0,0,0,0,0,0,0,0,0,0,0,0,0,0,0,0,0,0,0,0,0,0,0,0,0,0,0,0,0,0,0,0,30,0,35,0,0,0,,,0,0,0,0,0,0,0,0,0,0,0,0,0,0,0,0,0,0,0,0,0,0,0,0,0,0,0,0,,NO,,NO,,NO,,
654b3158-3e0a-49ed-87a2-f90f8f4735a9,SP Tutnyang Mobile Clinic,Site,Tutnyang_Mobile,,2022-11-06,45,2022,2022-11-07,,,,,,Tutnyang,,SP Tutnyang Mobile Clinic,South Sudan,Mayendit ,,,Unity,,22,0,35,0,,0,0,0,0,13,0,8,0,0,0,0,0,0,0,0,0,0,0,0,0,0,0,0,0,0,0,0,0,0,0,0,0,0,0,0,0,4,0,3,0,5,0,21,0,0,0,,,0,0,0,0,0,0,0,0,0,0,0,0,0,0,3,0,0,0,0,0,0,0,0,0,0,0,0,0,,NO,,NO,,NO,,
f16ee884-89f4-4c0c-aa5b-ed60c510cc1e,HFO Atar PHCU,Site,SS00314S,,2022-11-06,45,2022,2022-11-07,,,,,,Atar,,HFO Atar PHCU,South Sudan,Canal Pigi,,,Jonglei,,109,0,231,0,,0,0,0,0,11,0,12,0,0,0,0,0,0,0,0,0,0,0,0,0,0,0,0,0,0,0,0,0,0,0,0,0,0,0,0,0,14,0,11,0,21,0,28,0,0,0,,,0,0,0,0,2,0,1,0,0,0,0,0,0,0,0,0,34,0,45,0,0,0,0,0,0,0,0,0,,NO,,NO,,NO,,
f1278cdf-8bce-4cf4-9ae1-ad183e6835c1,Thiet PHCC,Site,SS01376S,,2022-11-06,45,2022,2022-11-07,,,,,,Thiet,,Thiet PHCC,South Sudan,Tonj South,,,Warrap,,133,0,225,0,,0,0,0,0,1,0,3,0,0,0,0,0,0,0,0,0,0,0,0,0,0,0,0,0,0,0,0,0,0,0,0,0,0,0,0,0,0,0,0,0,123,0,217,0,0,0,,,0,0,0,0,0,0,0,0,0,0,0,0,0,0,0,0,0,0,0,0,0,0,0,0,0,0,0,0,,NO,,NO,,NO,,
eb77c225-cbef-4286-9cc4-5899da85878a,Malual-Aleu PHCU,Site,Malual-Aleu_Abyei,,2022-11-06,45,2022,2022-11-07,,,,,,Alal,,Malual-Aleu PHCU,South Sudan,Abyei,,,Warrap,,28,0,152,0,,0,0,0,0,4,0,8,0,0,0,2,0,0,0,0,0,0,0,0,0,0,0,0,0,0,0,0,0,0,0,0,0,0,0,0,0,0,0,0,0,15,0,149,0,0,0,,,0,0,0,0,0,0,1,0,0,0,0,0,0,0,0,0,0,0,0,0,0,0,0,0,0,0,0,0,,NO,,NO,,NO,,
3d847eb9-b4bb-4eef-aeef-fe0e152e5e55,Don Bosco PHCC,Site,SS01378S,,2022-11-06,45,2022,2022-11-07,,,,,,Tonj,,Don Bosco PHCC,South Sudan,Tonj South,,,Warrap,,44,0,372,0,,0,0,0,0,2,0,3,0,0,0,0,0,0,0,0,0,0,0,0,0,0,0,0,0,0,0,0,0,0,0,0,0,0,0,0,0,0,0,0,0,26,0,140,0,0,0,,,0,0,0,0,0,0,0,0,0,0,0,0,0,0,0,0,0,0,0,0,0,0,0,0,0,0,0,0,,NO,,NO,,NO,,
c91d50c8-0b4a-4fb9-a2b7-5b8c63cd27aa,Nangbimo PHCU,Site,SS00508S,,2022-11-06,45,2022,2022-11-07,,,,,,Bazongua,,Nangbimo PHCU,South Sudan,Yambio,,,WES,,40,0,45,0,,0,0,0,0,3,0,4,0,0,0,0,0,0,0,0,0,0,0,0,0,0,0,0,0,0,0,0,0,0,0,0,0,0,0,0,0,0,0,0,0,28,0,17,0,0,0,,,0,0,0,0,0,0,0,0,0,0,0,0,0,0,0,0,,,,,0,0,0,0,0,0,0,0,,NO,,NO,,NO,,
a77893ce-a156-4cd5-b2ba-799907d6e907,Indeed Truth PHCC,Site,hHIFfuQ2lbn,,2022-11-06,45,2022,2022-11-07,,,,,,Tonj,,Indeed Truth PHCC,South Sudan,Tonj South,,,Warrap,,441,0,261,0,,0,0,0,0,57,0,6,0,4,0,1,0,0,0,0,0,0,0,0,0,0,0,0,0,0,0,0,0,0,0,0,0,0,0,0,0,0,0,0,0,285,0,165,0,0,0,,,0,0,0,0,0,0,0,0,0,0,0,0,0,0,0,0,0,0,0,0,0,0,0,0,0,0,0,0,,NO,,NO,,NO,,
f0003b64-4dd7-44c2-8841-61a71c13b2c4,SP Rubnor Mobile Clinic,Site,Rubnor_m,,2022-11-06,45,2022,2022-11-07,,,,,,Rubkuay,,SP Rubnor Mobile Clinic,South Sudan,Mayendit ,,,Unity,,9,0,28,0,,0,0,0,0,4,0,1,0,0,0,0,0,0,0,0,0,0,0,0,0,0,0,0,0,0,0,0,0,0,0,0,0,0,0,0,0,0,0,0,0,4,0,21,0,0,0,,,0,0,0,0,1,0,3,0,0,0,0,0,0,0,3,0,0,0,0,0,0,0,0,0,0,0,0,0,,NO,,NO,,NO,,
682e9c6e-90a4-4e07-bbaf-8ae4c0e3271d,Malual Muok PHCU,Site,BaXMf7nWDQW,,2022-11-06,45,2022,2022-11-07,,,,,,Tonj,,Malual Muok PHCU,South Sudan,Tonj South,,,Warrap,,64,0,78,0,,0,0,0,0,0,0,0,0,0,0,0,0,0,0,0,0,0,0,0,0,0,0,0,0,0,0,0,0,0,0,0,0,0,0,0,0,0,0,0,0,61,0,64,0,0,0,,,0,0,0,0,0,0,0,0,0,0,0,0,0,0,0,0,0,0,0,0,0,0,0,0,0,0,0,0,,NO,,NO,,NO,,
265663e3-810e-4fad-aca0-7cf981fcf534,Mabior Yar PHCU,Site,J1p1OP60EB9,,2022-11-06,45,2022,2022-11-07,,,,,,Wanhalel,,Mabior Yar PHCU,South Sudan,Tonj South,,,Warrap,,70,0,42,0,,0,0,0,0,4,0,1,0,0,0,0,0,0,0,0,0,0,0,0,0,0,0,0,0,0,0,0,0,0,0,0,0,0,0,0,0,0,0,0,0,48,0,26,0,0,0,,,0,0,0,0,0,0,0,0,0,0,0,0,0,0,0,0,0,0,0,0,0,0,0,0,0,0,0,0,,NO,,NO,,NO,,
61b70954-c5c2-426b-a9e1-9293d4773b5e,Gogrial PHCC,Site,tSWDBLVbvD9,,2022-11-06,45,2022,2022-11-07,,,,,,Gogrial,,Gogrial PHCC,South Sudan,Gogrial West,,,Warrap,,101,0,118,0,,0,0,0,0,6,0,11,0,0,0,0,0,0,0,0,0,0,0,0,0,0,0,0,0,0,0,0,0,0,0,0,0,0,0,0,0,10,0,4,0,66,0,68,0,0,0,,,0,0,0,0,6,0,6,0,0,0,0,0,0,0,2,0,11,0,7,0,0,0,0,0,0,0,0,0,,NO,,NO,,NO,,
bca92841-35d3-40f9-88eb-e01a21d9ce5a,Mayen-Thon PHCU,Site,SS00599S,,2022-11-06,45,2022,2022-11-07,,,,,,Ngap,,Mayen-Thon PHCU,South Sudan,Cueibet,,,Lakes,,53,0,38,0,,0,0,0,0,5,0,2,0,0,0,0,0,0,0,0,0,0,0,0,0,0,0,0,0,0,0,0,0,0,0,0,0,0,0,0,0,8,0,2,0,38,0,20,0,0,0,,,0,0,0,0,0,0,0,0,0,0,0,0,0,0,0,0,0,0,0,0,0,0,0,0,0,0,0,0,,NO,,NO,,NO,,
ee2ab0ed-6d76-415b-b2b9-cb13eaf2b216,Thonabut-Kok PHCU,Site,SS00203S,,2022-11-06,45,2022,2022-11-07,,,,,,Yali,,Thonabut-Kok PHCU,South Sudan,Yirol East,,,Lakes,,100,0,86,0,,0,0,0,0,17,0,2,0,0,0,0,0,0,0,0,0,0,0,0,0,0,0,0,0,0,0,0,0,0,0,0,0,0,0,0,0,52,0,18,0,48,0,62,0,0,0,,,0,0,0,0,5,0,0,0,0,0,0,0,0,0,0,0,0,0,0,0,0,0,0,0,0,0,0,0,,NO,,NO,,NO,,
7a1a7916-6c17-4d6e-a52a-089323acd03f,Pawel PHCC,Site,pawel_phcc,,2022-11-06,45,2022,2022-11-07,,,,,,Wanhalel,,Pawel PHCC,South Sudan,Tonj South,,,Warrap,,41,0,56,0,,0,0,0,0,5,0,0,0,0,0,1,0,0,0,0,0,0,0,0,0,0,0,0,0,0,0,0,0,0,0,0,0,0,0,0,0,0,0,0,0,29,0,44,0,0,0,,,0,0,0,0,0,0,0,0,0,0,0,0,0,0,0,0,0,0,0,0,0,0,0,0,0,0,0,0,,NO,,NO,,NO,,
75c00258-ec26-44e1-bac0-8ee970a1b6ab,SP Jaguar Mobile Clinic,Site,Jaguar_clinic,,2022-11-06,45,2022,2022-11-07,,,,,,Jaguar,,SP Jaguar Mobile Clinic,South Sudan,Mayendit ,,,Unity,,19,0,47,0,,0,0,0,0,1,0,1,0,0,0,0,0,0,0,0,0,0,0,0,0,0,0,0,0,0,0,0,0,0,0,0,0,0,0,0,0,10,0,10,0,7,0,20,0,0,0,,,0,0,0,0,1,0,5,0,0,0,0,0,0,0,1,0,0,0,0,0,0,0,0,0,0,0,0,0,,NO,,NO,,NO,,
1de58bec-42d9-4562-a019-564ff90da941,Gandor PHCU,Site,UfU1uxTchpt,,2022-11-06,45,2022,2022-11-07,,,,,,Bow,,Gandor PHCU,South Sudan,Leer,,,Unity,,161,0,416,0,,0,0,0,0,19,0,14,0,0,0,0,0,0,0,0,0,0,0,0,0,0,0,0,0,0,0,0,0,0,0,0,0,0,0,0,0,57,0,66,0,29,0,127,0,0,0,,,0,0,0,0,0,0,0,0,0,0,0,0,0,0,0,0,0,0,0,0,0,0,0,0,0,0,0,0,,NO,,NO,,NO,,
6c5e5b97-3518-444c-b795-666f223f3cb5,Citcok PHCC,Site,citcok_phcc,,2022-11-06,45,2022,2022-11-07,,,,,,Citcok,,Citcok PHCC,South Sudan,Cueibet,,,Lakes,,27,0,52,0,,0,0,0,0,5,0,0,0,0,0,0,0,0,0,0,0,0,0,0,0,0,0,0,0,0,0,0,0,0,0,0,0,0,0,0,0,7,0,22,0,21,0,35,0,0,0,,,0,0,0,0,0,0,0,0,0,0,0,0,0,0,0,0,0,0,0,0,0,0,0,0,0,0,0,0,,NO,,NO,,NO,,
e11bbab7-cf4f-40ba-bddd-ff9a606b999f,Wanhalel PHCU,Site,SS01388S,,2022-11-06,45,2022,2022-11-07,,,,,,Wanhalel,,Wanhalel PHCU,South Sudan,Tonj South,,,Warrap,,57,0,39,0,,0,0,0,0,14,0,0,0,0,0,0,0,0,0,0,0,0,0,0,0,0,0,0,0,0,0,0,0,0,0,0,0,0,0,0,0,0,0,0,0,54,0,39,0,0,0,,,0,0,0,0,0,0,0,0,0,0,0,0,0,0,0,0,0,0,0,0,0,0,0,0,0,0,0,0,,NO,,NO,,NO,,
7110193c-7649-4943-988e-649e2f2b0ee4,Bor Civil Hospital,Site,SS00770S,,2022-11-06,45,2022,2022-11-07,,,,,,Bor Town,,Bor Civil Hospital,South Sudan,Bor,,,Jonglei,,279,0,427,0,,0,0,0,0,13,0,6,0,0,0,0,0,1,0,0,0,0,0,0,0,0,0,0,0,0,0,0,0,0,0,0,0,0,0,0,0,59,0,12,0,92,1,184,1,0,0,,,0,0,0,0,0,0,0,0,0,0,0,0,0,0,0,0,0,0,0,0,0,0,0,0,0,0,0,0,,NO,,NO,,NO,,
bf5dfefc-bfb2-44c7-baa8-210bd235da93,HFO Wuninib Mobile Clinic ,Site,Wuninib _MC ,,2022-11-06,45,2022,2022-11-07,,,,,,Kurwai,,HFO Wuninib Mobile Clinic ,South Sudan,Canal Pigi,,,Jonglei,,112,0,219,0,,0,0,0,0,15,0,18,0,0,0,0,0,0,0,0,0,0,0,0,0,0,0,0,0,0,0,0,0,0,0,0,0,0,0,0,0,23,0,14,0,24,0,11,0,0,0,,,0,0,0,0,3,0,1,0,0,0,0,0,0,0,0,0,43,0,56,0,0,0,0,0,0,0,0,0,,NO,,NO,,NO,,
a848bf21-7303-4427-b28f-cac141339cb8,Detwok PHCU,Site,oyZTj9h7TKl,,2022-11-06,45,2022,2022-11-07,,,,,,Detwok,,Detwok PHCU,South Sudan,Fashoda,,,Upper Nile,,80,0,175,0,,0,0,0,0,12,0,10,0,5,0,0,0,0,0,0,0,0,0,0,0,0,0,0,0,0,0,0,0,0,0,0,0,0,0,0,0,0,0,0,0,8,0,14,0,0,0,,,0,0,0,0,0,0,0,0,0,0,0,0,0,0,0,0,0,0,0,0,0,0,0,0,0,0,0,0,,NO,,NO,,NO,,
3c79943b-2f3c-4688-9bc0-84ee67a8f767,St Josephine Bhakita TB Leprosy PHCC,Site,SS00602S,,2022-11-06,45,2022,2022-11-07,,,,,,Ngap,,St Josephine Bhakita TB Leprosy PHCC,South Sudan,Cueibet,,,Lakes,,130,0,192,0,,0,0,0,0,25,0,4,0,0,0,0,0,0,0,0,0,0,0,0,0,0,0,0,0,0,0,0,0,0,0,0,0,0,0,0,0,72,0,67,0,112,0,113,0,0,0,,,0,0,0,0,0,0,0,0,0,0,0,0,0,0,0,0,0,0,0,0,0,0,0,0,0,0,0,0,,NO,,NO,,NO,,
88846486-6d6e-46c3-b6fb-ce43d1c38d27,Guat PHCU,Site,AZWPfydUtO2,,2022-11-06,45,2022,2022-11-07,,,,,,Guat,,Guat PHCU,South Sudan,Leer,,,Unity,,78,0,113,0,,0,0,0,0,13,0,10,0,0,0,0,0,0,0,0,0,0,0,0,0,0,0,0,0,0,0,0,0,0,0,0,0,0,0,0,0,25,0,26,0,34,0,66,0,0,0,,,0,0,0,0,0,0,0,0,0,0,0,0,0,0,0,0,0,0,0,0,0,0,0,0,0,0,0,0,,NO,,NO,,NO,,
3484f991-d412-471a-a87d-e3ae7b25c826,NPA Chukudum Hospital,Site,SS01158S,,2022-11-06,45,2022,2022-11-07,,,,,,Komiri,,NPA Chukudum Hospital,South Sudan,Budi,,,EES,,132,0,294,0,,0,0,0,0,1,0,1,0,0,0,0,0,0,0,0,0,0,0,0,0,0,0,0,0,0,0,0,0,0,0,0,0,0,0,0,0,0,0,0,0,103,0,99,0,0,0,,,0,0,0,0,0,0,0,0,0,0,0,0,0,0,0,0,0,0,0,0,0,0,0,0,0,0,0,0,,NO,,NO,,NO,,
960ac791-0f92-4ed1-88ba-49378bc45c81,Malek Y.E PHCU,Site,SS00198S,,2022-11-06,45,2022,2022-11-07,,,,,,Malek,,Malek Y.E PHCU,South Sudan,Yirol East,,,Lakes,,37,0,80,0,,0,0,0,0,3,0,0,0,0,0,0,0,0,0,0,0,0,0,0,0,0,0,0,0,0,0,0,0,0,0,0,0,0,0,0,0,27,0,19,0,6,0,39,0,0,0,,,0,0,0,0,1,0,0,0,0,0,0,0,0,0,0,0,0,0,0,0,0,0,0,0,0,0,1,0,,NO,,NO,,NO,,
84a1770e-0bfb-4f7d-be15-f8795dd7a1df,Mere PHCU,Site,U8O9tmIaK8S,,2022-11-06,45,2022,2022-11-07,,,,,,Lire,,Mere PHCU,South Sudan,Kajo Keji,,,CES Timbédra (Moughataa),,23,0,70,0,,0,0,0,0,1,0,0,0,0,0,0,0,0,0,0,0,0,0,0,0,0,0,0,0,0,0,0,0,0,0,0,0,0,0,0,0,0,0,0,0,16,0,51,0,0,0,,,0,0,0,0,0,0,0,0,0,0,0,0,0,0,0,0,0,0,0,0,0,0,0,0,0,0,0,0,,NO,,NO,,NO,,
fe1a54b7-195e-4a36-84c5-0922504eab87,Mareng PHCU (Bor),Site,SS00762S,,2022-11-06,45,2022,2022-11-07,,,,,,Anyidi,,Mareng PHCU (Bor),South Sudan,Bor,,,Jonglei,,17,0,24,0,,0,0,0,0,3,0,1,0,0,0,1,0,0,0,0,0,0,0,0,0,0,0,0,0,0,0,0,0,0,0,0,0,0,0,0,0,6,0,4,0,11,0,16,0,0,0,,,0,0,0,0,0,0,0,0,0,0,0,0,0,0,0,0,0,0,0,0,0,0,0,0,0,0,0,0,,NO,,NO,,NO,,
b675b5e0-e19d-48d1-9e98-a5a160a6c0eb,Lual PHCU,Site,XvUs4aufqEl,,2022-11-06,45,2022,2022-11-07,,,,,,Lual,,Lual PHCU,South Sudan,Leer,,,Unity,,104,0,208,0,,0,0,0,0,12,0,14,0,0,0,0,0,0,0,0,0,0,0,0,0,0,0,0,0,0,0,0,0,0,0,0,0,0,0,0,0,25,0,49,0,22,0,53,0,0,0,,,0,0,0,0,0,0,0,0,0,0,0,0,0,0,0,0,0,0,0,0,0,0,0,0,0,0,0,0,,NO,,NO,,NO,,
6474f7ef-40e6-467e-818d-1310a40c9d9f,Mayendit PHCC,Site,v3D2dUNlXuL,,2022-11-06,45,2022,2022-11-07,,,,,,Bor,,Mayendit PHCC,South Sudan,Mayendit ,,,Unity,,34,0,42,0,,0,0,0,0,2,0,9,0,0,0,0,0,0,0,0,0,0,0,0,0,0,0,0,0,0,0,0,0,0,0,0,0,0,0,0,0,3,0,5,0,10,0,9,0,0,0,,,0,0,0,0,0,0,9,0,0,0,0,0,0,0,0,0,19,0,10,0,0,0,0,0,0,0,0,0,,NO,,NO,,NO,,
b25e1f36-d61c-4f52-a86b-a5cf773da577,UNIDOR Rubkong Mobile Clinic,Site,UNIDOR _Rubkong,,2022-11-06,45,2022,2022-11-07,,,,,,Adok,,UNIDOR Rubkong Mobile Clinic,South Sudan,Leer,,,Unity,,212,0,235,0,,0,0,0,0,46,0,47,0,0,0,0,0,0,0,0,0,0,0,0,0,0,0,0,0,0,0,0,0,0,0,0,0,0,0,0,0,41,0,37,0,43,0,51,0,0,0,,,0,0,0,0,0,0,0,0,0,0,0,0,0,0,0,0,0,0,0,0,0,0,0,0,0,0,0,0,,NO,,NO,,NO,,
639a8cfb-fbe8-4ebb-82c0-2ecd83ef07e5,Kibongorok PHCU,Site,ku6p2NtYBVz,,2022-11-06,45,2022,2022-11-07,,,,,,Ngauro,,Kibongorok PHCU,South Sudan,Budi,,,EES,,21,0,22,0,,0,0,0,0,0,0,0,0,0,0,0,0,0,0,0,0,0,0,0,0,0,0,0,0,0,0,0,0,0,0,0,0,0,0,0,0,0,0,0,0,15,0,17,0,0,0,,,0,0,0,0,0,0,0,0,0,0,0,0,0,0,0,0,0,0,0,0,0,0,0,0,0,0,0,0,,NO,,NO,,NO,,
75752f36-f81a-478f-b934-c7a9d00e0728,Tong PHCU,Site,rYzlr4l5x7F,,2022-11-06,45,2022,2022-11-07,,,,,,Baidit,,Tong PHCU,South Sudan,Bor,,,Jonglei,,24,0,38,0,,0,0,0,0,4,0,9,0,1,0,3,0,0,0,0,0,0,0,0,0,0,0,0,0,0,0,0,0,0,0,0,0,0,0,0,0,9,0,13,0,10,0,13,0,0,0,,,0,0,0,0,0,0,0,0,0,0,0,0,0,0,0,0,0,0,0,0,0,0,0,0,0,0,0,0,,NO,,NO,,NO,,
bde28d84-1c06-41c2-8f69-0a49ffb7d0ab,HFD Aburoc Mobile Clinic 2,Site,IMA_Aburoc2_C,,2022-11-06,45,2022,2022-11-07,,,,,,Detwok,,HFD Aburoc Mobile Clinic 2,South Sudan,Fashoda,,,Upper Nile,,176,0,342,0,,0,0,0,0,2,0,4,0,0,0,0,0,0,0,0,0,0,0,0,0,0,0,0,0,0,0,0,0,0,0,0,0,0,0,0,0,0,0,0,0,68,0,126,0,0,0,,,0,0,0,0,0,0,0,0,0,0,0,0,0,0,0,0,0,0,0,0,0,0,0,0,0,0,0,0,,NO,,NO,,NO,,
626e40fa-5f6f-4315-a939-41c1ce59d16a,Nzara PHCC,Site,JLTodKJa1Si,,2022-11-06,45,2022,2022-11-07,,,,,,Nzara Centre,,Nzara PHCC,South Sudan,Nzara,,,WES,,65,0,140,0,,0,0,0,0,0,0,0,0,2,0,2,0,0,0,0,0,0,0,0,0,0,0,0,0,0,0,0,0,0,0,0,0,0,0,0,0,29,0,11,0,53,0,85,0,0,0,,,0,0,0,0,3,0,5,0,0,0,0,0,0,0,0,0,0,0,0,0,0,0,0,0,0,0,0,0,,NO,,NO,,NO,,
a72a2d60-1af2-4c68-858b-275da14dcc4b,Rupchai PHCU,Site,North_leer,,2022-11-06,45,2022,2022-11-07,,,,,,Leer ,,Rupchai PHCU,South Sudan,Leer,,,Unity,,146,0,188,0,,0,0,0,0,29,0,19,0,0,0,0,0,0,0,0,0,0,0,0,0,0,0,0,0,0,0,0,0,0,0,0,0,0,0,0,0,28,0,17,0,27,0,30,0,0,0,,,0,0,0,0,0,0,0,0,0,0,0,0,0,0,0,0,0,0,0,0,0,0,0,0,0,0,0,0,,NO,,NO,,NO,,
11adcfae-df72-488b-9b6d-272488e3ee1b,Mallo PHCU,Site,FzeAAoYRWHB,,2022-11-06,45,2022,2022-11-07,,,,,,Detwok,,Mallo PHCU,South Sudan,Fashoda,,,Upper Nile,,15,0,23,0,,0,0,0,0,2,0,2,0,0,0,1,0,0,0,0,0,0,0,0,0,0,0,0,0,0,0,0,0,0,0,0,0,0,0,0,0,0,0,1,0,12,0,7,0,0,0,,,0,0,0,0,0,0,0,0,0,0,0,0,0,0,0,0,0,0,0,0,0,0,0,0,0,0,0,0,,NO,,NO,,NO,,
d4f5faff-fae1-4172-ab01-9269e18448dd,Kaba/Haba PHCU,Site,SS00657S,,2022-11-06,45,2022,2022-11-07,,,,,,Longiro,,Kaba/Haba PHCU,South Sudan,Lopa Lafon,,,EES,,28,0,32,0,,0,0,0,0,4,0,3,0,1,0,1,0,0,0,0,0,0,0,0,0,0,0,0,0,0,0,0,0,0,0,0,0,0,0,0,0,0,0,0,0,13,0,8,0,0,0,,,0,0,0,0,0,0,0,0,0,0,0,0,0,0,0,0,0,0,0,0,0,0,0,0,0,0,0,0,,NO,,NO,,NO,,
de21da6e-b0d2-4dea-a60d-27493d224398,Bow PHCU,Site,UNIDO_BOW,,2022-11-06,45,2022,2022-11-07,,,,,,Bow,,Bow PHCU,South Sudan,Leer,,,Unity,,71,0,188,0,,0,0,0,0,20,0,14,0,0,0,0,0,0,0,0,0,0,0,0,0,0,0,0,0,0,0,0,0,0,0,0,0,0,0,0,0,18,0,31,0,9,0,15,0,0,0,,,0,0,0,0,0,0,0,0,0,0,0,0,0,0,0,0,0,0,0,0,0,0,0,0,0,0,0,0,,NO,,NO,,NO,,
d1c6ddac-9b9c-466b-95ce-a3cc9799d9fc,Thaker PHCU,Site,SS01280S,,2022-11-06,45,2022,2022-11-07,,,,,,Thaker,,Thaker PHCU,South Sudan,Mayendit ,,,Unity,,10,0,62,0,,0,0,0,0,5,0,20,0,0,0,0,0,0,0,0,0,0,0,0,0,0,0,0,0,0,0,0,0,0,0,0,0,0,0,0,0,4,0,18,0,1,0,8,0,0,0,,,0,0,0,0,0,0,0,0,0,0,0,0,0,0,0,0,0,0,16,0,0,0,0,0,0,0,0,0,,NO,,NO,,NO,,
224ae9c1-e96d-4403-9708-6b91202adb64,Adior PHCC,Site,KMzkuJjXEZM,,2022-11-06,45,2022,2022-11-07,,,,,,Adior,,Adior PHCC,South Sudan,Yirol East,,,Lakes,,31,0,66,0,,0,0,0,0,2,0,0,0,0,0,1,0,0,0,0,0,0,0,0,0,0,0,0,0,0,0,0,0,0,0,0,0,0,0,0,0,18,0,16,0,13,0,31,0,0,0,,,0,0,0,0,3,0,3,0,0,0,0,0,0,0,2,0,0,0,0,0,0,0,0,0,0,0,0,0,,NO,,NO,,NO,,
abd9f797-a335-4edf-999d-99082060ef1a,Lacharok PHCC,Site,lacharok_phcc,,2022-11-06,45,2022,2022-11-07,,,,,,Arihilo,,Lacharok PHCC,South Sudan,Lopa Lafon,,,EES,,20,0,25,0,,0,0,0,0,1,0,2,0,2,0,1,0,0,0,0,0,0,0,0,0,0,0,0,0,0,0,0,0,0,0,0,0,0,0,0,0,0,0,0,0,8,0,10,0,0,0,,,0,0,0,0,0,0,0,0,0,0,0,0,0,0,0,0,0,0,0,0,0,0,0,0,0,0,0,0,,NO,,NO,,NO,,
b758ae32-c603-440e-ad6d-454d5f2e1a59,Minyori PHCU,Site,beAmuTA2MrM,,2022-11-06,45,2022,2022-11-07,,,,,,Yei Town,,Minyori PHCU,South Sudan,Yei,,,CES Timbédra (Moughataa),,32,0,141,0,,0,0,0,0,2,0,1,0,0,0,2,0,0,0,0,0,0,0,0,0,0,0,0,0,0,0,0,0,0,0,0,0,0,0,0,0,0,0,0,0,16,0,50,0,0,0,,,0,0,0,0,0,0,0,0,0,0,0,0,0,0,0,0,0,0,0,0,0,0,0,0,0,0,0,0,,NO,,NO,,NO,,
47389d7e-cc68-4d66-a2c1-a653d3214636,Longiro PHCU,Site,Ckqhne6EQbK,,2022-11-06,45,2022,2022-11-07,,,,,,Longiro,,Longiro PHCU,South Sudan,Lopa Lafon,,,EES,,168,0,129,0,,0,0,0,0,5,0,1,0,27,0,16,0,0,0,0,0,0,0,0,0,0,0,0,0,0,0,0,0,0,0,0,0,0,0,0,0,0,0,0,0,73,0,51,0,0,0,,,0,0,0,0,0,0,0,0,0,0,0,0,0,0,0,0,0,0,0,0,0,0,0,0,0,0,0,0,,NO,,NO,,NO,,
1cada325-b0b3-44ce-b153-d257f3a1172a,Rubkona Care PHCC,Site,QlvQ2POshjh,,2022-11-06,45,2022,2022-11-07,,,,,,Rubkona,,Rubkona Care PHCC,South Sudan,Rubkona,,,Unity,,256,0,614,0,,0,0,0,0,47,0,24,0,0,0,0,0,0,0,0,0,0,0,0,0,0,0,0,0,0,0,0,0,0,0,0,0,0,0,0,0,64,0,105,0,139,0,309,0,0,0,,,0,0,0,0,28,0,27,0,0,0,0,0,1,0,12,0,19,0,81,0,0,0,0,0,0,0,0,0,,NO,,NO,,NO,,
3472bb8e-8986-4aa8-bc17-02ea4e083491,Kodok Hospital,Site,KTwTmj4YNs4,,2022-11-06,45,2022,2022-11-07,,,,,,Kodok Town,,Kodok Hospital,South Sudan,Fashoda,,,Upper Nile,,91,0,391,1,,0,0,0,0,3,0,7,0,0,0,3,0,0,0,0,0,0,0,0,0,0,0,0,0,0,0,0,0,0,0,0,0,0,0,0,0,15,0,18,0,10,0,76,0,0,0,,,0,0,0,0,2,0,5,0,0,0,0,0,0,0,10,0,0,0,0,0,0,0,0,0,0,0,0,0,,NO,,NO,,NO,,
a02668d2-c89e-405b-85fa-9a3ec1bf2558,Idali PHCU,Site,bqzb4FGeoVN,,2022-11-06,45,2022,2022-11-07,,,,,,Longiro,,Idali PHCU,South Sudan,Lopa Lafon,,,EES,,25,0,18,0,,0,0,0,0,4,0,1,0,1,0,0,0,0,0,0,0,0,0,0,0,0,0,0,0,0,0,0,0,0,0,0,0,0,0,0,0,5,0,7,0,16,0,9,0,0,0,,,0,0,0,0,0,0,0,0,0,0,0,0,0,0,0,0,0,0,0,0,0,0,0,0,0,0,0,0,,NO,,NO,,NO,,
5fca897d-6436-48de-a913-8c8249ca4895,Shatta PHCU,Site,ysQut59Vxnq,,2022-11-06,45,2022,2022-11-07,,,,,,Bunj,,Shatta PHCU,South Sudan,Maban,,,Upper Nile,,38,0,110,0,,0,0,0,0,33,0,37,0,7,0,5,0,0,0,0,0,0,0,0,0,0,0,0,0,0,0,0,0,0,0,0,0,0,0,0,0,26,0,56,0,13,0,12,0,0,0,,,0,0,0,0,0,0,0,0,0,0,0,0,0,0,0,0,0,0,0,0,0,0,0,0,0,0,0,0,,NO,,NO,,NO,,
9f84c58e-1a7c-4f5e-ab1a-63d679eeef37,Kuok PHCU,Site,OGOQI7aOkzl,,2022-11-06,45,2022,2022-11-07,,,,,,Thaker,,Kuok PHCU,South Sudan,Mayendit ,,,Unity,,18,0,68,0,,0,0,0,0,8,0,4,0,0,0,0,0,0,0,0,0,0,0,0,0,0,0,0,0,0,0,0,0,0,0,0,0,0,0,0,0,8,0,15,0,2,0,11,0,0,0,,,0,0,0,0,0,0,0,0,0,0,0,0,0,0,1,0,0,0,37,0,0,0,0,0,0,0,0,0,,NO,,NO,,NO,,
b3cdb409-3de5-4820-a849-6e7b3de67c14,Kanynhial PHCU,Site,iqKKYqywoJf,,2022-11-06,45,2022,2022-11-07,,,,,,Kol,,Kanynhial PHCU,South Sudan,Panyijiar,,,Unity,,70,0,200,0,,0,0,0,0,6,0,1,0,1,0,4,0,0,0,0,0,0,0,0,0,0,0,0,0,0,0,0,0,0,0,0,0,0,0,0,0,20,0,26,0,65,0,118,0,0,0,,,0,0,0,0,2,0,9,0,0,0,0,0,2,0,7,0,0,0,0,0,0,0,0,0,0,0,0,0,,NO,,NO,,NO,,
c5534d1e-ae6c-43a8-b589-41afac3fecb4,Lekakudu PHCU,Site,LEKAKUDU_HF,,2022-11-06,45,2022,2022-11-07,,,,,,Lekakudu,,Lekakudu PHCU,South Sudan,Yirol East,,,Lakes,,23,0,57,0,,0,0,0,0,3,0,1,0,0,0,0,0,0,0,0,0,0,0,0,0,0,0,0,0,0,0,0,0,0,0,0,0,0,0,0,0,8,0,12,0,10,0,30,0,0,0,,,0,0,0,0,2,0,444,0,0,0,0,0,0,0,0,0,0,0,0,0,0,0,0,0,0,0,0,0,,NO,,NO,,NO,,
b6cfd6d2-52c7-404e-b26e-fb68f4056dff,Gira PHCU,Site,xKXeDpPeH44,,2022-11-06,45,2022,2022-11-07,,,,,,Bogori,,Gira PHCU,South Sudan,Mvolo,,,WES,,12,0,34,0,,0,0,0,0,0,0,0,0,0,0,0,0,0,0,0,0,0,0,0,0,0,0,0,0,0,0,0,0,0,0,0,0,0,0,0,0,0,0,0,0,2,0,11,0,0,0,,,0,0,0,0,0,0,0,0,0,0,0,0,0,0,0,0,0,0,0,0,0,0,0,0,0,0,0,0,,NO,,NO,,NO,,
94c47c25-91ea-4e5f-a173-4f5c09411de2,Tharwangyiela PHCU,Site,Thr_S,,2022-11-06,45,2022,2022-11-07,,,,,,Budaang,,Tharwangyiela PHCU,South Sudan,Rubkona,,,Unity,,531,0,751,0,,0,0,0,0,112,0,105,0,66,0,74,0,0,0,0,0,0,0,0,0,0,0,0,0,0,0,0,0,0,0,0,0,0,0,0,0,118,0,115,0,132,0,147,0,0,0,,,0,0,0,0,53,0,82,0,0,0,0,0,69,0,95,0,147,0,133,0,0,0,0,0,0,0,0,0,,NO,,NO,,NO,,
988785f9-555f-4031-bbcf-3ca14455b4b1,Lalanga PHCU,Site,yItOo3Uqz5h,,2022-11-06,45,2022,2022-11-07,,,,,,Lohutok,,Lalanga PHCU,South Sudan,Lopa Lafon,,,EES,,62,0,74,0,,0,0,0,0,3,0,0,0,0,0,0,0,0,0,0,0,0,0,0,0,0,0,0,0,0,0,0,0,0,0,0,0,0,0,0,0,43,0,36,0,51,0,74,0,0,0,,,0,0,0,0,0,0,0,0,0,0,0,0,0,0,0,0,0,0,0,0,0,0,0,0,0,0,0,0,,NO,,NO,,NO,,
c871a169-d5c7-4ce2-97d4-6cb824427cb4,Otego PHCU,Site,VTdMW0fpAhr,,2022-11-06,45,2022,2022-11-07,,,,,,Kodok  Rural,,Otego PHCU,South Sudan,Fashoda,,,Upper Nile,,16,0,60,0,,0,0,0,0,4,0,3,0,2,0,5,0,0,0,0,0,0,0,0,0,0,0,0,0,0,0,0,0,0,0,0,0,0,0,0,0,0,0,0,0,6,0,11,0,0,0,,,0,0,0,0,3,0,2,0,0,0,0,0,0,0,0,0,15,0,33,0,0,0,0,0,0,0,0,0,,NO,,NO,,NO,,
b9dac12c-46bb-46e0-814a-ba194e195c33,Jamam PHCU,Site,aBrVonWSggt,,2022-11-06,45,2022,2022-11-07,,,,,,JINMAGDA,,Jamam PHCU,South Sudan,Maban,,,Upper Nile,,44,0,31,0,,0,0,0,0,14,0,1,0,0,0,0,0,0,0,0,0,0,0,0,0,0,0,0,0,0,0,0,0,0,0,0,0,0,0,0,0,9,0,10,0,1,0,5,0,0,0,,,0,0,0,0,0,0,3,0,0,0,0,0,0,0,0,0,0,0,0,0,0,0,0,0,0,0,0,0,,NO,,NO,,NO,,
ac3dc4c4-4c3f-4b99-a795-b0fa54ca00f4,Bule PHCU,Site,nqCNcInxecf,,2022-11-06,45,2022,2022-11-07,,,,,,Longiro,,Bule PHCU,South Sudan,Lopa Lafon,,,EES,,21,0,19,0,,0,0,0,0,5,0,4,0,1,0,0,0,0,0,0,0,0,0,0,0,0,0,0,0,0,0,0,0,0,0,0,0,0,0,0,0,0,0,0,0,7,0,1,0,0,0,,,0,0,0,0,0,0,0,0,0,0,0,0,0,0,0,0,0,0,0,0,0,0,0,0,0,0,0,0,,NO,,NO,,NO,,
0e3dabc4-f5f0-4f3d-9401-4ef615c30418,Acigor PHCU,Site,P8IHkhEZMbh,,2022-11-06,45,2022,2022-11-07,,,,,,Tinagau,,Acigor PHCU,South Sudan,Yirol East,,,Lakes,,7,0,37,0,,0,0,0,0,2,0,3,0,0,0,0,0,0,0,0,0,0,0,0,0,0,0,0,0,0,0,0,0,0,0,0,0,0,0,0,0,6,0,13,0,2,0,12,0,0,0,,,0,0,0,0,0,0,0,0,0,0,0,0,0,0,0,0,0,0,0,0,0,0,0,0,0,0,0,0,,NO,,NO,,NO,,
08a33126-7009-4530-999a-0c037b9ca42f,Kaljak PHCC,Site,coa8AlhTWmr,,2022-11-06,45,2022,2022-11-07,,,,,,Kaljak,,Kaljak PHCC,South Sudan,Rubkona,,,Unity,,93,0,164,0,,0,0,0,0,8,0,3,0,5,0,1,0,0,0,0,0,0,0,0,0,0,0,0,0,0,0,0,0,0,0,0,0,0,0,0,0,23,0,21,0,44,0,119,0,0,0,,,0,0,0,0,8,0,9,0,0,0,0,0,0,0,1,0,2,0,4,0,0,0,0,0,0,0,0,0,,NO,,NO,,NO,,
c167fec7-b4c3-4158-81f7-b6af0569cf33,Gollo PHCU,Site,znn1oyqeGeF,,2022-11-06,45,2022,2022-11-07,,,,,,Kodok  Rural,,Gollo PHCU,South Sudan,Fashoda,,,Upper Nile,,54,0,76,0,,0,0,0,0,0,0,2,0,1,0,0,0,0,0,0,0,0,0,0,0,0,0,0,0,0,0,0,0,0,0,0,0,0,0,0,0,30,0,14,0,5,0,20,0,0,0,,,0,0,0,0,0,0,0,0,0,0,0,0,0,0,0,0,0,0,0,0,0,0,0,0,0,0,0,0,,NO,,NO,,NO,,
ccb79c9f-a7eb-4da8-8fee-7e24a80a9e19,Laidiet PHCU,Site,SS01297S,,2022-11-06,45,2022,2022-11-07,,,,,,Tiap,,Laidiet PHCU,South Sudan,Panyijiar,,,Unity,,69,0,94,0,,0,0,0,0,15,0,11,0,0,0,1,0,0,0,0,0,0,0,0,0,0,0,0,0,0,0,0,0,0,0,0,0,0,0,0,0,21,0,29,0,30,0,43,0,0,0,,,0,0,0,0,0,0,0,0,0,0,0,0,0,0,0,0,0,0,0,0,0,0,0,0,0,0,0,0,,NO,,NO,,NO,,
733dd527-1e9e-4a00-a3b0-c0efb5ca4d0c,Dosho PHCU,Site,rgBQb8B65tm,,2022-11-06,45,2022,2022-11-07,,,,,,Kediba,,Dosho PHCU,South Sudan,Mundri East,,,WES,,11,0,9,0,,0,0,0,0,0,0,0,0,0,0,0,0,0,0,0,0,0,0,0,0,0,0,0,0,0,0,0,0,0,0,0,0,0,0,0,0,0,0,0,0,1,0,7,0,0,0,,,0,0,0,0,0,0,0,0,0,0,0,0,0,0,0,0,0,0,0,0,0,0,0,0,0,0,0,0,,NO,,NO,,NO,,
733eea5e-34ab-4770-8d65-decf40216112,Bangasu PHCC,Site,fStpD2P9h2W,,2022-11-06,45,2022,2022-11-07,,,,,,Bangasu,,Bangasu PHCC,South Sudan,Yambio,,,WES,,81,0,72,0,,0,0,0,0,10,0,0,0,0,0,0,0,0,0,0,0,0,0,0,0,0,0,0,0,0,0,0,0,0,0,0,0,0,0,0,0,0,0,0,0,73,0,56,0,0,0,,,0,0,0,0,0,0,0,0,0,0,0,0,0,0,0,0,0,0,0,0,0,0,0,0,0,0,0,0,,NO,,NO,,NO,,
1c2aa240-0173-474f-b153-e3d629af642d,Tulugi PHCU,Site,DnAzm6we1iK,,2022-11-06,45,2022,2022-11-07,,,,,,Ngauro,,Tulugi PHCU,South Sudan,Budi,,,EES,,19,0,5,0,,0,0,0,0,2,0,2,0,0,0,1,0,0,0,0,0,0,0,0,0,0,0,0,0,0,0,0,0,0,0,0,0,0,0,0,0,0,0,0,0,14,0,2,0,0,0,,,0,0,0,0,0,0,0,0,0,0,0,0,0,0,0,0,0,0,0,0,0,0,0,0,0,0,0,0,,NO,,NO,,NO,,
8860e6ea-94d4-4b07-a740-10760299d6ce,NhialDiu PHCC,Site,q93LRwf4ApN,,2022-11-06,45,2022,2022-11-07,,,,,,Nhialdiu,,NhialDiu PHCC,South Sudan,Rubkona,,,Unity,,176,0,417,0,,0,0,0,0,27,0,38,0,2,0,0,0,0,0,0,0,0,0,0,0,0,0,0,0,0,0,0,0,0,0,0,0,0,0,0,0,72,0,93,0,109,0,262,0,0,0,,,0,0,0,0,8,0,35,0,0,0,0,0,0,0,0,0,0,0,0,0,0,0,0,0,0,0,0,0,,NO,,NO,,NO,,
c564655e-5de7-4ca8-a8ba-06753f61f8bd,Kediba PHCC,Site,NsDebVnkSTF,,2022-11-06,45,2022,2022-11-07,,,,,,Kediba,,Kediba PHCC,South Sudan,Mundri East,,,WES,,10,0,32,0,,0,0,0,0,0,0,0,0,0,0,0,0,0,0,0,0,0,0,0,0,0,0,0,0,0,0,0,0,0,0,0,0,0,0,0,0,0,0,0,0,2,0,5,0,0,0,,,0,0,0,0,0,0,0,0,0,0,0,0,0,0,0,0,0,0,0,0,0,0,0,0,0,0,0,0,,NO,,NO,,NO,,
286a04e9-f91d-4bf4-9cef-7cee821c221b,PANYUME PHCC,Site,PANYUME_PHCC,,2022-11-06,45,2022,2022-11-07,,,,,,Panyume,,PANYUME PHCC,South Sudan,Morobo,,,CES Timbédra (Moughataa),,18,0,77,0,,0,0,0,0,1,0,1,0,0,0,0,0,0,0,0,0,0,0,0,0,0,0,0,0,0,0,0,0,0,0,0,0,0,0,0,0,0,0,0,0,7,0,28,0,0,0,,,0,0,0,0,0,0,0,0,0,0,0,0,0,0,0,0,0,0,0,0,0,0,0,0,0,0,0,0,,NO,,NO,,NO,,
367c86ce-a230-4d2e-b5be-00fd3e2f1adb,Juba Teaching Hospital,Site,OV9zi20DDXP,,2022-11-06,45,2022,2022-11-07,,,,,,Juba,,Juba Teaching Hospital,South Sudan,Juba,,,CES Timbédra (Moughataa),,0,0,1881,0,,0,0,0,0,0,0,0,0,0,0,0,0,0,0,0,0,0,0,0,0,0,0,0,0,0,0,0,0,0,0,0,0,0,0,0,0,0,0,0,0,0,0,75,0,0,0,,,0,0,0,0,0,0,0,0,0,0,0,0,0,0,0,0,0,0,0,0,0,0,0,0,0,0,0,0,,NO,,NO,,NO,,
8ba08e70-5949-4cb6-a909-9a47c81b9694,Dablual PHCU,Site,ygdIdJs3ZHf,,2022-11-06,45,2022,2022-11-07,,,,,,Dablual,,Dablual PHCU,South Sudan,Mayendit ,,,Unity,,35,0,66,0,,0,0,0,0,5,0,6,0,1,0,0,0,0,0,0,0,0,0,0,0,0,0,0,0,0,0,0,0,0,0,0,0,0,0,0,0,15,0,22,0,3,0,18,0,0,0,,,0,0,0,0,0,0,0,0,0,0,0,0,0,0,0,0,11,0,19,0,0,0,0,0,0,0,0,0,,NO,,NO,,NO,,
feb9d8c8-3d5d-4b1a-ae25-88e9961b3050,Namutina PHCC,Site,WUJysFLYG6Y,,2022-11-06,45,2022,2022-11-07,,,,,,Namutina,,Namutina PHCC,South Sudan,Nagero,,,WES,,0,0,0,0,,0,0,0,0,0,0,0,0,0,0,0,0,0,0,0,0,0,0,0,0,0,0,0,0,0,0,0,0,0,0,0,0,0,0,0,0,0,0,0,0,0,0,0,0,0,0,,,0,0,0,0,0,0,0,0,0,0,0,0,0,0,0,0,0,0,0,0,0,0,0,0,0,0,0,0,,NO,,NO,,NO,,
8fd950ba-eba3-492f-ab5f-f48e2fc6d3a2,Medicair  Burmath PHCU,Site,Burmath_P,,2022-11-06,45,2022,2022-11-07,,,,,,Nyandit,,Medicair  Burmath PHCU,South Sudan,Akobo,,,Jonglei,,56,0,168,,,0,0,0,0,10,0,4,0,4,0,2,0,0,0,0,0,0,0,0,0,0,0,0,0,0,0,0,0,0,0,0,0,0,0,0,0,13,0,25,0,15,0,85,0,0,0,,,0,0,0,0,3,0,5,0,0,0,2,0,2,0,6,0,9,0,13,0,0,0,0,0,0,0,0,0,,NO,,NO,,NO,,
47d275e2-7121-425d-8f8b-90277ef59b86,Movo PHCU,Site,ogn6q0E0Fkl,,2022-11-06,45,2022,2022-11-07,,,,,,Kediba,,Movo PHCU,South Sudan,Mundri East,,,WES,,23,0,30,0,,0,0,0,0,0,0,0,0,0,0,0,0,0,0,0,0,0,0,0,0,0,0,0,0,0,0,0,0,0,0,0,0,0,0,0,0,0,0,0,0,3,0,7,0,0,0,,,0,0,0,0,0,0,0,0,0,0,0,0,0,0,0,0,0,0,0,0,0,0,0,0,0,0,0,0,,NO,,NO,,NO,,
dcd5413c-87a2-4635-98db-7e6a2413d21f,Kapoeta Civil Hospital,Site,oV5sT7FVaVx,,2022-11-06,45,2022,2022-11-07,,,,,,Kapoeta Town,,Kapoeta Civil Hospital,South Sudan,Kapoeta South,,,EES,,471,2,576,1,,0,0,0,0,2,0,2,0,0,0,1,0,0,0,0,0,0,0,0,0,0,0,0,0,0,0,0,0,0,0,0,0,0,0,0,0,0,0,0,0,261,0,161,0,0,0,,,0,0,0,0,0,0,0,0,0,0,0,0,0,0,0,0,0,0,0,0,0,0,0,0,0,0,0,0,,NO,,NO,,NO,,
183daebe-bebb-4ee0-9db2-32a3b2cc9668,Lafon PHCC,Site,sx9Lt0bSKqr,,2022-11-06,45,2022,2022-11-07,,,,,,Burgilo,,Lafon PHCC,South Sudan,Lopa Lafon,,,EES,,39,0,72,0,,0,0,0,0,4,0,3,0,0,0,1,0,0,0,0,0,0,0,0,0,0,0,0,0,0,0,0,0,0,0,0,0,0,0,0,0,0,0,0,0,34,0,29,0,0,0,,,0,0,0,0,0,0,0,0,0,0,0,0,0,0,0,0,0,0,0,0,0,0,0,0,0,0,0,0,,NO,,NO,,NO,,
cd9bf040-73b0-41b3-8baf-ec0c2c52b318,Pagil PHCC,Site,mSAZP91HScC,,2022-11-06,45,2022,2022-11-07,,,,,,Pagil,,Pagil PHCC,South Sudan,Ayod,,,Jonglei,,13,0,74,0,,0,0,0,0,3,0,1,0,0,0,1,0,0,0,0,0,0,0,0,0,0,0,0,0,0,0,0,0,0,0,0,0,0,0,0,0,8,0,6,0,3,0,40,0,0,0,,,0,0,0,0,2,0,5,0,0,0,0,0,0,0,5,0,3,0,50,0,0,0,0,0,0,0,0,0,,NO,,NO,,NO,,
634507bc-d8f5-4c24-a296-f3c6704d6b19,BUDANG PHCC  ,Site,BUDANG _PHCC  ,,2022-11-06,45,2022,2022-11-07,,,,,,Budaang,,BUDANG PHCC  ,South Sudan,Rubkona,,,Unity,,338,0,381,0,,0,0,0,0,50,0,22,0,3,0,2,0,0,0,0,0,0,0,0,0,0,0,0,0,0,0,0,0,0,0,0,0,0,0,0,0,74,0,58,0,147,0,222,0,0,0,,,0,0,0,0,13,0,15,0,0,0,0,0,1,0,5,0,50,0,57,0,0,0,0,0,0,0,0,0,,NO,,NO,,NO,,
